,team,opponent,date,venue,time,comp,round,day,result,gf,ga,xg,xga,poss,attendance,captain,formation,opp formation,referee,match report,notes,sh,sot,dist,fk,pk,pkatt,season
0,Atlético San Luis,Tigres UANL,2025-01-11,Home,17:00,,,,,,,,,,,,,,,,,,,,,,,
1,Tijuana,Toluca,2025-01-10,Home,19:00,,,,,,,,,,,,,,,,,,,,,,,
2,Querétaro,América,2025-01-10,Home,19:00,,,,,,,,,,,,,,,,,,,,,,,
3,Mazatlán,FC Juárez,2025-01-10,Home,20:00,,,,,,,,,,,,,,,,,,,,,,,
4,Pumas UNAM,Necaxa,2025-01-12,Home,12:00,,,,,,,,,,,,,,,,,,,,,,,
5,Monterrey,Puebla,2025-01-11,Home,19:00,,,,,,,,,,,,,,,,,,,,,,,
6,Guadalajara,Santos Laguna,2025-01-11,Home,19:05,,,,,,,,,,,,,,,,,,,,,,,
7,Cruz Azul,Atlas,2025-01-11,Home,21:00,,,,,,,,,,,,,,,,,,,,,,,
8,Cruz Azul,Mazatlán,2024-07-06,Home,21:00,Liga MX,Apertura 2024 Regular Season,Sat,W,1.0,0.0,2.0,0.6,65.0,15206.0,Ignacio Rivero,5-4-1,4-2-3-1,,Match Report,,16.0,7.0,18.6,0.0,0.0,0.0,2024.0
9,Cruz Azul,Monterrey,2024-07-13,Away,21:10,Liga MX,Apertura 2024 Regular Season,Sat,W,4.0,0.0,1.9,0.4,54.0,45957.0,Ignacio Rivero,4-1-4-1,4-4-2,,Match Report,,14.0,7.0,19.1,1.0,1.0,1.0,2024.0
10,Cruz Azul,Tijuana,2024-07-16,Home,21:05,Liga MX,Apertura 2024 Regular Season,Tue,W,3.0,0.0,2.2,0.5,39.0,25414.0,Ignacio Rivero,3-4-3,4-2-3-1,Ismael Lopez,Match Report,,17.0,6.0,17.1,0.0,0.0,0.0,2024.0
11,Cruz Azul,Toluca,2024-07-20,Home,21:05,Liga MX,Apertura 2024 Regular Season,Sat,D,1.0,1.0,1.7,0.6,67.0,25862.0,Ignacio Rivero,5-3-2,4-2-3-1,Jesus Lopez,Match Report,,21.0,5.0,16.9,1.0,0.0,0.0,2024.0
12,Cruz Azul,Querétaro,2024-08-23,Away,19:00,Liga MX,Apertura 2024 Regular Season,Fri,W,2.0,0.0,2.0,0.3,63.0,27884.0,Ignacio Rivero,3-1-4-2,3-5-2,Guillermo Pacheco,Match Report,,22.0,4.0,19.6,0.0,1.0,1.0,2024.0
13,Cruz Azul,América,2024-08-31,Home,21:10,Liga MX,Apertura 2024 Regular Season,Sat,W,4.0,1.0,0.9,0.7,54.0,25282.0,Erik Lira,3-1-4-2,3-4-3,César Arturo Ramos,Match Report,,10.0,6.0,18.1,0.0,0.0,0.0,2024.0
14,Cruz Azul,León,2024-09-14,Away,20:35,Liga MX,Apertura 2024 Regular Season,Sat,W,2.0,1.0,2.0,1.3,57.0,21585.0,Charly Rodríguez,3-1-4-2,4-1-2-1-2,Maximiliano Quintero,Match Report,,22.0,7.0,18.2,0.0,0.0,0.0,2024.0
15,Cruz Azul,Atlético,2024-09-17,Away,19:00,Liga MX,Apertura 2024 Regular Season,Tue,L,1.0,3.0,0.6,2.7,56.0,18971.0,Ignacio Rivero,3-1-4-2,4-2-3-1,Oscar Mejia,Match Report,,13.0,4.0,16.9,0.0,0.0,0.0,2024.0
16,Cruz Azul,Guadalajara,2024-09-21,Home,21:05,Liga MX,Apertura 2024 Regular Season,Sat,W,1.0,0.0,1.9,0.8,56.0,25851.0,Ignacio Rivero,5-4-1,4-1-3-2,Daniel Quintero,Match Report,,18.0,5.0,16.0,0.0,0.0,0.0,2024.0
17,Cruz Azul,Pachuca,2024-09-28,Away,19:05,Liga MX,Apertura 2024 Regular Season,Sat,W,4.0,2.0,2.4,1.8,70.0,14462.0,Ignacio Rivero,3-1-4-2,4-1-4-1,Adonai Escobedo,Match Report,,17.0,9.0,18.3,1.0,0.0,0.0,2024.0
18,Cruz Azul,Necaxa,2024-10-05,Home,17:00,Liga MX,Apertura 2024 Regular Season,Sat,W,3.0,0.0,1.9,0.7,68.0,25589.0,Charly Rodríguez,3-1-4-2,4-3-1-2,Guillermo Pacheco,Match Report,,13.0,3.0,17.0,1.0,0.0,0.0,2024.0
19,Cruz Azul,Puebla,2024-10-18,Away,21:05,Liga MX,Apertura 2024 Regular Season,Fri,W,2.0,1.0,2.4,0.4,62.0,34978.0,Charly Rodríguez,3-1-4-2,5-3-2,Charles Terrazas,Match Report,,15.0,2.0,19.4,1.0,1.0,2.0,2024.0
20,Cruz Azul,FC Juárez,2024-10-23,Home,19:00,Liga MX,Apertura 2024 Regular Season,Wed,W,4.0,0.0,2.7,0.4,63.0,26278.0,Charly Rodríguez,3-4-3,4-3-3,Vicente Arce,Match Report,,24.0,9.0,15.8,0.0,0.0,0.0,2024.0
21,Cruz Azul,UNAM,2024-10-26,Away,19:00,Liga MX,Apertura 2024 Regular Season,Sat,W,2.0,0.0,1.1,0.8,59.0,37576.0,Ignacio Rivero,3-4-3,5-3-2,César Arturo Ramos,Match Report,,10.0,4.0,16.2,0.0,0.0,0.0,2024.0
22,Cruz Azul,Santos,2024-11-02,Home,21:10,Liga MX,Apertura 2024 Regular Season,Sat,W,2.0,0.0,2.1,0.3,60.0,24271.0,Charly Rodríguez,3-4-3,4-2-3-1,Karen Hernández,Match Report,,22.0,8.0,19.8,2.0,0.0,0.0,2024.0
23,Cruz Azul,Atlas,2024-11-06,Away,21:05,Liga MX,Apertura 2024 Regular Season,Wed,D,2.0,2.0,1.3,0.9,53.0,242024.0,Ignacio Rivero,3-4-3,3-5-1-1,Víctor Cáceres,Match Report,,8.0,2.0,21.2,0.0,1.0,1.0,2024.0
24,Cruz Azul,UANL,2024-11-09,Home,21:05,Liga MX,Apertura 2024 Regular Season,Sat,D,1.0,1.0,2.1,1.0,70.0,26536.0,Charly Rodríguez,3-1-4-2,4-2-3-1,Adonai Escobedo,Match Report,,18.0,3.0,18.6,0.0,0.0,0.0,2024.0
25,Cruz Azul,Tijuana,2024-11-27,Away,19:10,Liga MX,Apertura — Quarter-finals,Wed,L,0.0,3.0,0.3,2.0,27.0,25333.0,Ignacio Rivero,3-4-3,4-2-3-1,Fernando Hernández,Match Report,Leg 1 of 2,8.0,0.0,19.7,0.0,0.0,0.0,2024.0
26,Cruz Azul,Tijuana,2024-11-30,Home,19:10,Liga MX,Apertura — Quarter-finals,Sat,W,3.0,0.0,4.5,0.9,57.0,24975.0,Ignacio Rivero,4-3-3,5-3-2,Víctor Cáceres,Match Report,Leg 2 of 2; Cruz Azul won,28.0,9.0,16.0,0.0,0.0,0.0,2024.0
27,Cruz Azul,América,2024-12-05,Away,20:00,Liga MX,Apertura — Semi-finals,Thu,D,0.0,0.0,0.3,0.5,64.0,29401.0,Ignacio Rivero,3-5-2,5-4-1,Oscar Mejía,Match Report,Leg 1 of 2,7.0,2.0,19.9,0.0,0.0,0.0,2024.0
28,Cruz Azul,América,2024-12-08,Home,19:00,Liga MX,Apertura — Semi-finals,Sun,L,3.0,4.0,2.3,1.1,63.0,29404.0,Ignacio Rivero,3-5-1-1,4-4-2,Adonai Escobedo,Match Report,Leg 2 of 2; América won,16.0,5.0,16.4,1.0,0.0,0.0,2024.0
29,Toluca,Guadalajara,2024-07-06,Away,19:00,Liga MX,Apertura 2024 Regular Season,Sat,D,0.0,0.0,0.6,1.3,49.0,37251.0,Alexis Vega,4-2-3-1,4-2-3-1,,Match Report,,11.0,2.0,18.7,1.0,0.0,0.0,2024.0
30,Toluca,FC Juárez,2024-07-13,Home,19:10,Liga MX,Apertura 2024 Regular Season,Sat,W,3.0,2.0,2.0,1.1,46.0,23320.0,Claudio Baeza,4-2-3-1,4-2-3-1,,Match Report,,9.0,3.0,13.8,0.0,0.0,0.0,2024.0
31,Toluca,Mazatlán,2024-07-17,Home,21:00,Liga MX,Apertura 2024 Regular Season,Wed,W,3.0,0.0,1.2,0.4,54.0,22646.0,Marcel Ruiz,4-2-3-1,4-4-2,Adonai Escobedo,Match Report,,13.0,7.0,15.9,0.0,0.0,0.0,2024.0
32,Toluca,Cruz Azul,2024-07-20,Away,21:05,Liga MX,Apertura 2024 Regular Season,Sat,D,1.0,1.0,0.6,1.7,33.0,25862.0,Claudio Baeza,4-2-3-1,5-3-2,Jesus Lopez,Match Report,,6.0,2.0,19.4,0.0,0.0,0.0,2024.0
33,Toluca,Atlético,2024-08-25,Home,13:00,Liga MX,Apertura 2024 Regular Season,Sun,W,2.0,1.0,1.1,1.0,46.0,24545.0,Alexis Vega,4-2-3-1,4-2-3-1,Katia García,Match Report,,14.0,4.0,19.2,0.0,0.0,0.0,2024.0
34,Toluca,Monterrey,2024-08-31,Away,19:00,Liga MX,Apertura 2024 Regular Season,Sat,W,2.0,1.0,0.4,2.5,33.0,43150.0,Claudio Baeza,5-4-1,4-3-1-2,Fernando Guerrero,Match Report,,3.0,2.0,13.5,0.0,0.0,0.0,2024.0
35,Toluca,Tijuana,2024-09-14,Home,16:45,Liga MX,Apertura 2024 Regular Season,Sat,W,4.0,0.0,3.1,0.9,52.0,24507.0,Alexis Vega,4-2-3-1,4-1-4-1,Ismael Lopez,Match Report,,22.0,9.0,17.7,1.0,0.0,0.0,2024.0
36,Toluca,Pachuca,2024-09-17,Away,19:00,Liga MX,Apertura 2024 Regular Season,Tue,D,2.0,2.0,1.8,1.2,57.0,9635.0,Claudio Baeza,4-2-3-1,4-2-3-1,Jesus Lopez,Match Report,,11.0,4.0,21.1,2.0,1.0,1.0,2024.0
37,Toluca,Santos,2024-09-22,Away,19:05,Liga MX,Apertura 2024 Regular Season,Sun,L,0.0,2.0,0.9,1.4,63.0,9074.0,Marcel Ruiz,4-2-3-1,4-2-3-1,Iván López,Match Report,,18.0,3.0,20.7,1.0,0.0,0.0,2024.0
38,Toluca,Atlas,2024-09-28,Home,17:00,Liga MX,Apertura 2024 Regular Season,Sat,W,4.0,1.0,0.8,1.5,51.0,24963.0,Claudio Baeza,4-2-3-1,4-2-3-1,Charles Terrazas,Match Report,,11.0,5.0,17.2,0.0,0.0,0.0,2024.0
39,Toluca,UNAM,2024-10-05,Home,19:00,Liga MX,Apertura 2024 Regular Season,Sat,D,1.0,1.0,0.5,1.2,65.0,27273.0,Claudio Baeza,4-2-3-1,5-3-2,Adonai Escobedo,Match Report,,11.0,2.0,22.2,2.0,0.0,0.0,2024.0
40,Toluca,Querétaro,2024-10-18,Away,19:00,Liga MX,Apertura 2024 Regular Season,Fri,W,1.0,0.0,1.9,0.9,61.0,13046.0,Claudio Baeza,4-2-3-1,4-1-4-1,Maximiliano Quintero,Match Report,,18.0,8.0,18.9,0.0,0.0,0.0,2024.0
41,Toluca,Puebla,2024-10-22,Home,21:05,Liga MX,Apertura 2024 Regular Season,Tue,W,5.0,0.0,3.5,0.5,59.0,24521.0,Claudio Baeza,3-4-3,3-5-2,Jorge Camacho,Match Report,,17.0,11.0,17.8,0.0,0.0,1.0,2024.0
42,Toluca,Necaxa,2024-10-27,Away,18:00,Liga MX,Apertura 2024 Regular Season,Sun,W,3.0,1.0,2.0,1.1,49.0,16443.0,Federico Pereira,3-4-3,3-4-3,Fernando Guerrero,Match Report,,13.0,8.0,15.6,0.0,0.0,0.0,2024.0
43,Toluca,León,2024-11-02,Home,17:00,Liga MX,Apertura 2024 Regular Season,Sat,D,2.0,2.0,2.2,1.5,55.0,27273.0,Claudio Baeza,4-2-3-1,4-3-3,Guillermo Pacheco,Match Report,,22.0,8.0,20.7,0.0,0.0,0.0,2024.0
44,Toluca,UANL,2024-11-06,Away,19:00,Liga MX,Apertura 2024 Regular Season,Wed,L,1.0,2.0,1.7,1.8,56.0,40830.0,Marcel Ruiz,3-5-2,4-2-3-1,Marco Antonio Ortíz,Match Report,,10.0,6.0,14.0,0.0,0.0,0.0,2024.0
45,Toluca,América,2024-11-09,Home,19:00,Liga MX,Apertura 2024 Regular Season,Sat,W,4.0,0.0,1.2,0.7,45.0,27273.0,Federico Pereira,4-2-3-1,4-4-2,Víctor Cáceres,Match Report,,10.0,5.0,20.1,1.0,0.0,0.0,2024.0
46,Toluca,América,2024-11-27,Away,19:00,Liga MX,Apertura — Quarter-finals,Wed,L,0.0,2.0,0.7,1.4,65.0,27025.0,Claudio Baeza,4-4-2,5-4-1,Oscar Mejía,Match Report,Leg 1 of 2,6.0,2.0,18.6,1.0,0.0,0.0,2024.0
47,Toluca,América,2024-11-30,Home,17:00,Liga MX,Apertura — Quarter-finals,Sat,L,0.0,2.0,1.5,1.2,65.0,27273.0,Alexis Vega,4-2-3-1,5-4-1,César Arturo Ramos,Match Report,Leg 2 of 2; América won,21.0,5.0,17.7,1.0,0.0,0.0,2024.0
48,UANL,Necaxa,2024-07-06,Home,19:00,Liga MX,Apertura 2024 Regular Season,Sat,W,1.0,0.0,1.7,0.7,56.0,40371.0,Guido Pizarro,4-2-3-1,4-2-3-1,,Match Report,,16.0,3.0,22.8,1.0,1.0,1.0,2024.0
49,UANL,Atlas,2024-07-12,Away,21:05,Liga MX,Apertura 2024 Regular Season,Fri,D,1.0,1.0,1.6,0.6,55.0,13614.0,Guido Pizarro,4-2-3-1,4-2-3-1,Jorge Camacho,Match Report,,15.0,4.0,19.5,3.0,0.0,0.0,2024.0
50,UANL,América,2024-07-17,Home,21:00,Liga MX,Apertura 2024 Regular Season,Wed,W,1.0,0.0,1.1,1.6,54.0,41615.0,Guido Pizarro,4-4-2,4-2-3-1,Fernando Guerrero,Match Report,,20.0,6.0,19.4,1.0,0.0,0.0,2024.0
51,UANL,Santos,2024-07-20,Away,19:00,Liga MX,Apertura 2024 Regular Season,Sat,W,3.0,0.0,2.0,0.8,60.0,12537.0,Guido Pizarro,4-2-3-1,4-2-3-1,Marco Antonio Ortíz,Match Report,,15.0,8.0,16.7,0.0,0.0,0.0,2024.0
52,UANL,Guadalajara,2024-08-24,Home,19:00,Liga MX,Apertura 2024 Regular Season,Sat,D,1.0,1.0,1.7,1.3,50.0,41615.0,Guido Pizarro,4-4-2,4-1-4-1,Daniel Quintero,Match Report,,13.0,4.0,16.6,0.0,0.0,1.0,2024.0
53,UANL,UNAM,2024-09-01,Away,17:00,Liga MX,Apertura 2024 Regular Season,Sun,W,3.0,1.0,1.4,1.5,45.0,23752.0,Guido Pizarro,4-2-3-1,5-4-1,Oscar Mejia,Match Report,,8.0,2.0,25.7,0.0,1.0,1.0,2024.0
54,UANL,Atlético,2024-09-13,Home,20:10,Liga MX,Apertura 2024 Regular Season,Fri,W,1.0,0.0,0.9,0.4,36.0,40263.0,Guido Pizarro,4-2-3-1,4-2-3-1,Martín Molina,Match Report,,12.0,3.0,15.9,0.0,0.0,0.0,2024.0
55,UANL,Querétaro,2024-09-17,Away,21:00,Liga MX,Apertura 2024 Regular Season,Tue,L,0.0,1.0,1.6,1.5,75.0,11571.0,Guido Pizarro,4-2-3-1,4-1-4-1,Fernando Guerrero,Match Report,,23.0,4.0,19.2,1.0,0.0,0.0,2024.0
56,UANL,FC Juárez,2024-09-22,Away,19:10,Liga MX,Apertura 2024 Regular Season,Sun,W,1.0,0.0,1.9,0.3,56.0,10689.0,Guido Pizarro,4-2-3-1,4-2-3-1,Víctor Cáceres,Match Report,,17.0,5.0,17.9,0.0,0.0,0.0,2024.0
57,UANL,León,2024-09-27,Home,20:00,Liga MX,Apertura 2024 Regular Season,Fri,D,2.0,2.0,2.2,0.7,64.0,39834.0,Guido Pizarro,4-2-3-1,4-4-2,Daniel Quintero,Match Report,,21.0,10.0,14.9,0.0,0.0,0.0,2024.0
58,UANL,Puebla,2024-10-05,Home,17:00,Liga MX,Apertura 2024 Regular Season,Sat,W,1.0,0.0,0.7,0.6,61.0,26270.0,Nahuel Guzmán,4-2-3-1,5-3-2,Vicente Arce,Match Report,,16.0,3.0,22.3,1.0,0.0,0.0,2024.0
59,UANL,Monterrey,2024-10-19,Away,21:10,Liga MX,Apertura 2024 Regular Season,Sat,L,2.0,4.0,2.0,1.7,56.0,51348.0,Guido Pizarro,4-2-3-1,4-4-2,Oscar Mejia,Match Report,,17.0,7.0,19.0,1.0,1.0,1.0,2024.0
60,UANL,Mazatlán,2024-10-22,Away,20:06,Liga MX,Apertura 2024 Regular Season,Tue,L,0.0,2.0,2.3,0.8,58.0,9642.0,Guido Pizarro,4-2-3-1,5-4-1,César Arturo Ramos,Match Report,,32.0,6.0,19.9,1.0,0.0,0.0,2024.0
61,UANL,Pachuca,2024-10-26,Home,21:00,Liga MX,Apertura 2024 Regular Season,Sat,W,2.0,1.0,0.8,1.1,48.0,35176.0,Guido Pizarro,4-2-3-1,4-2-3-1,Víctor Cáceres,Match Report,,14.0,3.0,16.7,0.0,0.0,0.0,2024.0
62,UANL,Tijuana,2024-11-01,Away,20:05,Liga MX,Apertura 2024 Regular Season,Fri,W,3.0,0.0,2.6,1.1,34.0,16325.0,Guido Pizarro,4-2-3-1,4-2-3-1,Fernando Guerrero,Match Report,,16.0,6.0,15.4,1.0,0.0,0.0,2024.0
63,UANL,Toluca,2024-11-06,Home,19:00,Liga MX,Apertura 2024 Regular Season,Wed,W,2.0,1.0,1.8,1.7,44.0,40830.0,Guido Pizarro,4-2-3-1,3-5-2,Marco Antonio Ortíz,Match Report,,12.0,6.0,17.4,0.0,0.0,0.0,2024.0
64,UANL,Cruz Azul,2024-11-09,Away,21:05,Liga MX,Apertura 2024 Regular Season,Sat,D,1.0,1.0,1.0,2.1,30.0,26536.0,Guido Pizarro,4-2-3-1,3-1-4-2,Adonai Escobedo,Match Report,,2.0,0.0,27.2,0.0,1.0,1.0,2024.0
65,UANL,Atlético,2024-11-28,Away,19:00,Liga MX,Apertura — Quarter-finals,Thu,L,0.0,3.0,1.1,0.5,53.0,22102.0,Guido Pizarro,4-2-3-1,3-4-3,Jesus Lopez,Match Report,Leg 1 of 2,21.0,7.0,16.0,0.0,0.0,0.0,2024.0
66,UANL,Atlético,2024-12-01,Home,19:00,Liga MX,Apertura — Quarter-finals,Sun,D,0.0,0.0,2.8,1.0,59.0,40271.0,Guido Pizarro,4-2-3-1,3-5-2,Adonai Escobedo,Match Report,Leg 2 of 2; Atlético won,28.0,9.0,17.7,1.0,0.0,1.0,2024.0
67,Pumas UNAM,León,2024-07-07,Home,13:00,Liga MX,Apertura 2024 Regular Season,Sun,W,4.0,1.0,2.1,0.7,50.0,19950.0,Lisandro Magallán,4-1-4-1,4-2-3-1,,Match Report,,14.0,7.0,17.7,1.0,0.0,0.0,2024.0
68,Pumas UNAM,Santos,2024-07-13,Away,19:25,Liga MX,Apertura 2024 Regular Season,Sat,D,1.0,1.0,2.4,1.1,51.0,11097.0,Lisandro Magallán,4-2-3-1,4-2-3-1,Charles Terrazas,Match Report,,28.0,5.0,16.8,2.0,0.0,0.0,2024.0
69,Pumas UNAM,FC Juárez,2024-07-17,Away,19:06,Liga MX,Apertura 2024 Regular Season,Wed,W,2.0,1.0,0.5,0.9,50.0,8818.0,Lisandro Magallán,4-2-3-1,4-2-3-1,Daniel Quintero,Match Report,,12.0,4.0,19.3,0.0,0.0,0.0,2024.0
70,Pumas UNAM,Pachuca,2024-07-21,Home,17:00,Liga MX,Apertura 2024 Regular Season,Sun,W,2.0,0.0,2.0,0.8,39.0,20854.0,Ulises Rivas,4-2-3-1,4-2-3-1,Vicente Arce,Match Report,,8.0,4.0,18.6,0.0,1.0,1.0,2024.0
71,Pumas UNAM,Atlas,2024-08-24,Away,19:00,Liga MX,Apertura 2024 Regular Season,Sat,L,1.0,2.0,1.9,1.0,57.0,17319.0,Lisandro Magallán,4-3-3,4-2-3-1,Fernando Hernández,Match Report,,18.0,5.0,20.8,0.0,0.0,1.0,2024.0
72,Pumas UNAM,UANL,2024-09-01,Home,17:00,Liga MX,Apertura 2024 Regular Season,Sun,L,1.0,3.0,1.5,1.4,55.0,23752.0,Lisandro Magallán,5-4-1,4-2-3-1,Oscar Mejia,Match Report,,18.0,5.0,20.7,1.0,0.0,0.0,2024.0
73,Pumas UNAM,Necaxa,2024-09-13,Away,21:00,Liga MX,Apertura 2024 Regular Season,Fri,L,0.0,2.0,1.0,1.6,72.0,14725.0,Lisandro Magallán,3-4-3,4-2-3-1,Katia García,Match Report,,8.0,0.0,16.8,0.0,0.0,0.0,2024.0
74,Pumas UNAM,Puebla,2024-09-17,Home,21:05,Liga MX,Apertura 2024 Regular Season,Tue,W,1.0,0.0,2.1,0.3,72.0,7606.0,Lisandro Magallán,3-4-3,4-2-3-1,Iván López,Match Report,,23.0,6.0,17.4,0.0,0.0,0.0,2024.0
75,Pumas UNAM,Tijuana,2024-09-22,Home,17:00,Liga MX,Apertura 2024 Regular Season,Sun,W,1.0,0.0,2.6,0.2,41.0,12277.0,Lisandro Magallán,5-3-2,4-2-3-1,Luis Enrique Santander,Match Report,,20.0,11.0,15.7,0.0,0.0,0.0,2024.0
76,Pumas UNAM,América,2024-09-29,Away,18:00,Liga MX,Apertura 2024 Regular Season,Sun,W,1.0,0.0,0.8,0.4,31.0,23401.0,Lisandro Magallán,3-4-1-2,3-4-1-2,Fernando Hernández,Match Report,,5.0,4.0,22.9,0.0,0.0,0.0,2024.0
77,Pumas UNAM,Toluca,2024-10-05,Away,19:00,Liga MX,Apertura 2024 Regular Season,Sat,D,1.0,1.0,1.2,0.5,35.0,27273.0,Lisandro Magallán,5-3-2,4-2-3-1,Adonai Escobedo,Match Report,,15.0,5.0,24.0,0.0,0.0,0.0,2024.0
78,Pumas UNAM,Atlético,2024-10-20,Home,13:00,Liga MX,Apertura 2024 Regular Season,Sun,W,3.0,0.0,2.3,0.8,45.0,17850.0,Lisandro Magallán,5-3-2,3-5-1-1,Guillermo Pacheco,Match Report,,16.0,6.0,17.8,0.0,0.0,0.0,2024.0
79,Pumas UNAM,Monterrey,2024-10-23,Away,19:00,Liga MX,Apertura 2024 Regular Season,Wed,D,0.0,0.0,0.4,1.1,36.0,40959.0,Lisandro Magallán,5-3-2,4-2-3-1,Adonai Escobedo,Match Report,,8.0,1.0,21.5,0.0,0.0,0.0,2024.0
80,Pumas UNAM,Cruz Azul,2024-10-26,Home,19:00,Liga MX,Apertura 2024 Regular Season,Sat,L,0.0,2.0,0.8,1.1,41.0,37576.0,Ulises Rivas,5-3-2,3-4-3,César Arturo Ramos,Match Report,,10.0,1.0,18.0,0.0,0.0,0.0,2024.0
81,Pumas UNAM,Guadalajara,2024-11-02,Away,19:05,Liga MX,Apertura 2024 Regular Season,Sat,D,0.0,0.0,0.7,0.5,53.0,37819.0,Ulises Rivas,5-3-2,3-4-1-2,Marco Antonio Ortíz,Match Report,,13.0,2.0,17.5,0.0,0.0,0.0,2024.0
82,Pumas UNAM,Querétaro,2024-11-05,Home,21:05,Liga MX,Apertura 2024 Regular Season,Tue,W,2.0,0.0,1.8,0.1,71.0,12363.0,Pablo Bennevendo Peña,5-3-2,5-3-2,Daniel Quintero,Match Report,,25.0,10.0,19.7,0.0,0.0,0.0,2024.0
83,Pumas UNAM,Mazatlán,2024-11-08,Away,20:00,Liga MX,Apertura 2024 Regular Season,Fri,W,1.0,0.0,1.6,0.2,51.0,8592.0,Pablo Bennevendo Peña,5-3-2,5-4-1,Erick Miranda,Match Report,,9.0,4.0,21.9,1.0,1.0,1.0,2024.0
84,Pumas UNAM,Monterrey,2024-11-28,Away,21:10,Liga MX,Apertura — Quarter-finals,Thu,L,0.0,1.0,0.9,1.3,36.0,37379.0,Lisandro Magallán,5-3-2,4-2-3-1,Daniel Quintero,Match Report,Leg 1 of 2,9.0,2.0,16.4,0.0,0.0,0.0,2024.0
85,Pumas UNAM,Monterrey,2024-12-01,Home,12:00,Liga MX,Apertura — Quarter-finals,Sun,L,3.0,5.0,2.7,1.6,63.0,37439.0,Lisandro Magallán,5-3-2,4-5-1,Marco Antonio Ortíz,Match Report,Leg 2 of 2; Monterrey won,21.0,8.0,17.3,0.0,0.0,0.0,2024.0
86,Monterrey,Pachuca,2024-07-07,Away,19:06,Liga MX,Apertura 2024 Regular Season,Sun,W,1.0,0.0,1.7,0.9,44.0,18262.0,Sergio Canales,4-4-2,4-2-3-1,Ismael Lopez,Match Report,,8.0,3.0,18.0,0.0,0.0,0.0,2024.0
87,Monterrey,Cruz Azul,2024-07-13,Home,21:10,Liga MX,Apertura 2024 Regular Season,Sat,L,0.0,4.0,0.4,1.9,46.0,45957.0,Sergio Canales,4-4-2,4-1-4-1,,Match Report,,9.0,0.0,22.7,0.0,0.0,0.0,2024.0
88,Monterrey,Necaxa,2024-07-17,Away,19:00,Liga MX,Apertura 2024 Regular Season,Wed,W,1.0,0.0,0.8,0.3,63.0,13668.0,Sergio Canales,4-2-3-1,4-2-3-1,Jesus Lopez,Match Report,,11.0,3.0,20.8,0.0,0.0,0.0,2024.0
89,Monterrey,Querétaro,2024-07-20,Home,19:00,Liga MX,Apertura 2024 Regular Season,Sat,W,2.0,1.0,2.4,1.0,65.0,39932.0,Héctor Moreno,4-2-3-1,5-4-1,Víctor Cáceres,Match Report,,15.0,5.0,18.9,1.0,0.0,1.0,2024.0
90,Monterrey,Puebla,2024-08-16,Away,19:00,Liga MX,Apertura 2024 Regular Season,Fri,W,2.0,1.0,1.4,1.0,71.0,9000.0,Héctor Moreno,4-2-3-1,5-4-1,Salvador Pérez Villalobos,Match Report,,15.0,5.0,23.1,0.0,0.0,0.0,2024.0
91,Monterrey,Tijuana,2024-08-23,Away,20:05,Liga MX,Apertura 2024 Regular Season,Fri,D,2.0,2.0,2.7,1.4,49.0,23333.0,Sergio Canales,4-3-1-2,4-1-4-1,César Arturo Ramos,Match Report,,16.0,5.0,18.5,0.0,0.0,0.0,2024.0
92,Monterrey,Toluca,2024-08-31,Home,19:00,Liga MX,Apertura 2024 Regular Season,Sat,L,1.0,2.0,2.5,0.4,67.0,43150.0,Sergio Canales,4-3-1-2,5-4-1,Fernando Guerrero,Match Report,,15.0,5.0,18.2,0.0,1.0,1.0,2024.0
93,Monterrey,Santos,2024-09-14,Away,21:00,Liga MX,Apertura 2024 Regular Season,Sat,W,2.0,0.0,2.4,1.7,54.0,11241.0,Héctor Moreno,4-3-1-2,4-2-3-1,Erick Miranda,Match Report,,19.0,7.0,14.3,0.0,0.0,0.0,2024.0
94,Monterrey,FC Juárez,2024-09-18,Home,21:00,Liga MX,Apertura 2024 Regular Season,Wed,W,3.0,2.0,2.7,2.1,55.0,36441.0,Héctor Moreno,4-1-3-2,4-2-3-1,Salvador Pérez Villalobos,Match Report,,13.0,3.0,18.7,0.0,1.0,1.0,2024.0
95,Monterrey,Mazatlán,2024-09-21,Home,19:00,Liga MX,Apertura 2024 Regular Season,Sat,D,0.0,0.0,0.2,2.1,44.0,43721.0,Héctor Moreno,4-3-1-2,3-4-1-2,Ismael Lopez,Match Report,,5.0,2.0,31.0,0.0,0.0,0.0,2024.0
96,Monterrey,Guadalajara,2024-09-28,Away,21:05,Liga MX,Apertura 2024 Regular Season,Sat,D,1.0,1.0,0.3,1.8,52.0,36043.0,Héctor Moreno,4-1-2-1-2◆,4-1-4-1,Jesus Lopez,Match Report,,5.0,2.0,19.0,1.0,0.0,0.0,2024.0
97,Monterrey,Atlético,2024-10-05,Away,17:00,Liga MX,Apertura 2024 Regular Season,Sat,L,0.0,1.0,0.9,0.5,56.0,16861.0,Sergio Canales,4-2-3-1,3-5-2,Víctor Cáceres,Match Report,,17.0,1.0,18.4,0.0,0.0,0.0,2024.0
98,Monterrey,UANL,2024-10-19,Home,21:10,Liga MX,Apertura 2024 Regular Season,Sat,W,4.0,2.0,1.7,2.0,44.0,51348.0,Héctor Moreno,4-4-2,4-2-3-1,Oscar Mejia,Match Report,,6.0,5.0,21.1,1.0,1.0,1.0,2024.0
99,Monterrey,UNAM,2024-10-23,Home,19:00,Liga MX,Apertura 2024 Regular Season,Wed,D,0.0,0.0,1.1,0.4,64.0,40959.0,Héctor Moreno,4-2-3-1,5-3-2,Adonai Escobedo,Match Report,,16.0,3.0,18.1,0.0,0.0,0.0,2024.0
100,Monterrey,América,2024-10-27,Away,20:05,Liga MX,Apertura 2024 Regular Season,Sun,L,1.0,2.0,1.0,2.0,44.0,23810.0,Sergio Canales,4-2-3-1,4-2-3-1,Daniel Quintero,Match Report,,10.0,3.0,18.3,1.0,0.0,0.0,2024.0
101,Monterrey,Atlas,2024-11-02,Home,19:05,Liga MX,Apertura 2024 Regular Season,Sat,W,4.0,0.0,2.4,0.8,53.0,40301.0,Héctor Moreno,4-2-3-1,4-2-3-1,Fernando Hernández,Match Report,,26.0,9.0,20.1,2.0,0.0,0.0,2024.0
102,Monterrey,León,2024-11-10,Home,19:05,Liga MX,Apertura 2024 Regular Season,Sun,W,2.0,1.0,2.3,1.5,56.0,41874.0,Héctor Moreno,4-2-3-1,4-2-3-1,César Arturo Ramos,Match Report,,25.0,11.0,20.6,1.0,1.0,1.0,2024.0
103,Monterrey,UNAM,2024-11-28,Home,21:10,Liga MX,Apertura — Quarter-finals,Thu,W,1.0,0.0,1.3,0.9,64.0,37379.0,Héctor Moreno,4-2-3-1,5-3-2,Daniel Quintero,Match Report,Leg 1 of 2,10.0,0.0,18.7,0.0,1.0,1.0,2024.0
104,Monterrey,UNAM,2024-12-01,Away,12:00,Liga MX,Apertura — Quarter-finals,Sun,W,5.0,3.0,1.6,2.7,37.0,37439.0,Sergio Canales,4-5-1,5-3-2,Marco Antonio Ortíz,Match Report,Leg 2 of 2; Monterrey won,9.0,5.0,17.2,0.0,0.0,0.0,2024.0
105,Monterrey,Atlético,2024-12-04,Away,21:00,Liga MX,Apertura — Semi-finals,Wed,L,1.0,2.0,1.2,1.4,46.0,22803.0,Héctor Moreno,4-2-3-1,3-4-3,Fernando Hernández,Match Report,Leg 1 of 2,9.0,1.0,22.2,0.0,0.0,0.0,2024.0
106,Monterrey,Atlético,2024-12-07,Home,20:00,Liga MX,Apertura — Semi-finals,Sat,W,5.0,1.0,1.7,1.7,56.0,48606.0,Héctor Moreno,3-5-2,5-3-2,Marco Antonio Ortíz,Match Report,Leg 2 of 2; Monterrey won,25.0,10.0,17.7,0.0,0.0,0.0,2024.0
107,Monterrey,América,2024-12-12,Away,20:00,Liga MX,Apertura — Finals,Thu,L,1.0,2.0,0.6,1.6,52.0,36933.0,Héctor Moreno,4-2-3-1,5-4-1,Víctor Cáceres,Match Report,Leg 1 of 2,7.0,2.0,21.8,0.0,0.0,0.0,2024.0
108,Monterrey,América,2024-12-15,Home,19:00,Liga MX,Apertura — Finals,Sun,D,1.0,1.0,1.2,0.7,70.0,52127.0,Héctor Moreno,4-2-3-1,5-3-2,César Arturo Ramos,Match Report,Leg 2 of 2; América won,20.0,6.0,16.9,1.0,0.0,0.0,2024.0
109,Atletico,América,2024-07-06,Home,17:00,Liga MX,Apertura 2024 Regular Season,Sat,W,2.0,1.0,1.2,1.1,37.0,21480.0,Julio Domínguez,3-4-3,4-2-3-1,,Match Report,,11.0,5.0,20.7,0.0,0.0,0.0,2024.0
110,Atletico,Mazatlán,2024-07-12,Away,20:00,Liga MX,Apertura 2024 Regular Season,Fri,D,2.0,2.0,1.9,3.1,47.0,9147.0,Javier Güemez,3-4-3,4-2-3-1,Martín Molina,Match Report,,10.0,4.0,23.2,1.0,1.0,1.0,2024.0
111,Atletico,Pachuca,2024-07-16,Away,19:00,Liga MX,Apertura 2024 Regular Season,Tue,L,0.0,2.0,0.4,0.8,57.0,10215.0,Javier Güemez,4-4-2,4-2-3-1,Víctor Cáceres,Match Report,,10.0,3.0,21.1,0.0,0.0,0.0,2024.0
112,Atletico,Tijuana,2024-07-19,Home,19:00,Liga MX,Apertura 2024 Regular Season,Fri,D,1.0,1.0,1.1,1.3,40.0,12762.0,Julio Domínguez,3-4-3,4-2-3-1,Charles Terrazas,Match Report,,15.0,5.0,19.2,0.0,0.0,0.0,2024.0
113,Atletico,Querétaro,2024-08-18,Home,20:00,Liga MX,Apertura 2024 Regular Season,Sun,W,4.0,0.0,3.3,0.3,51.0,11214.0,Julio Domínguez,4-2-3-1,4-4-2,Jesus Lopez,Match Report,,18.0,4.0,20.2,3.0,2.0,2.0,2024.0
114,Atletico,Toluca,2024-08-25,Away,13:00,Liga MX,Apertura 2024 Regular Season,Sun,L,1.0,2.0,1.0,1.1,54.0,24545.0,Julio Domínguez,4-2-3-1,4-2-3-1,Katia García,Match Report,,18.0,7.0,18.4,0.0,0.0,0.0,2024.0
115,Atletico,Atlas,2024-08-30,Home,19:00,Liga MX,Apertura 2024 Regular Season,Fri,W,2.0,1.0,0.8,1.5,50.0,132023.0,Javier Güemez,4-2-3-1,4-2-3-1,Jorge Camacho,Match Report,,11.0,6.0,20.1,0.0,0.0,0.0,2024.0
116,Atletico,UANL,2024-09-13,Away,20:10,Liga MX,Apertura 2024 Regular Season,Fri,L,0.0,1.0,0.4,0.9,64.0,40263.0,Javier Güemez,4-2-3-1,4-2-3-1,Martín Molina,Match Report,,13.0,2.0,25.3,0.0,0.0,0.0,2024.0
117,Atletico,Cruz Azul,2024-09-17,Home,19:00,Liga MX,Apertura 2024 Regular Season,Tue,W,3.0,1.0,2.7,0.6,44.0,18971.0,Javier Güemez,4-2-3-1,3-1-4-2,Oscar Mejia,Match Report,,13.0,4.0,13.9,0.0,0.0,0.0,2024.0
118,Atletico,León,2024-09-21,Away,17:00,Liga MX,Apertura 2024 Regular Season,Sat,L,0.0,1.0,1.3,1.2,51.0,13297.0,Javier Güemez,4-3-1-2,4-4-2,Luis García,Match Report,,10.0,1.0,17.1,1.0,0.0,0.0,2024.0
119,Atletico,Santos,2024-09-28,Home,21:10,Liga MX,Apertura 2024 Regular Season,Sat,W,3.0,1.0,1.6,1.0,58.0,13800.0,Ricardo Chávez Soto,4-4-2,4-2-3-1,Maximiliano Quintero,Match Report,,16.0,9.0,14.5,1.0,0.0,0.0,2024.0
120,Atletico,Monterrey,2024-10-05,Home,17:00,Liga MX,Apertura 2024 Regular Season,Sat,W,1.0,0.0,0.5,0.9,44.0,16861.0,Javier Güemez,3-5-2,4-2-3-1,Víctor Cáceres,Match Report,,9.0,4.0,20.3,0.0,0.0,0.0,2024.0
121,Atletico,UNAM,2024-10-20,Away,13:00,Liga MX,Apertura 2024 Regular Season,Sun,L,0.0,3.0,0.8,2.3,55.0,17850.0,Javier Güemez,3-5-1-1,5-3-2,Guillermo Pacheco,Match Report,,14.0,4.0,23.0,0.0,0.0,0.0,2024.0
122,Atletico,FC Juárez,2024-10-27,Away,18:06,Liga MX,Apertura 2024 Regular Season,Sun,W,4.0,2.0,3.0,1.5,41.0,6548.0,Julio Domínguez,3-5-1-1,4-4-2,Marco Antonio Ortíz,Match Report,,12.0,5.0,14.5,0.0,1.0,1.0,2024.0
123,Atletico,Puebla,2024-11-02,Home,17:00,Liga MX,Apertura 2024 Regular Season,Sat,W,2.0,0.0,1.3,0.3,63.0,15768.0,Julio Domínguez,3-5-1-1,5-3-2,Oscar Mejia,Match Report,,17.0,6.0,17.8,0.0,0.0,0.0,2024.0
124,Atletico,Necaxa,2024-11-06,Away,19:00,Liga MX,Apertura 2024 Regular Season,Wed,D,1.0,1.0,0.7,1.3,64.0,17969.0,Javier Güemez,3-4-3,3-4-1-2,Jesus Lopez,Match Report,,14.0,6.0,19.3,2.0,0.0,0.0,2024.0
125,Atletico,Guadalajara,2024-11-09,Away,17:05,Liga MX,Apertura 2024 Regular Season,Sat,W,1.0,0.0,0.2,1.1,53.0,35066.0,Julio Domínguez,5-4-1,4-4-2,Daniel Quintero,Match Report,,4.0,3.0,12.7,0.0,0.0,0.0,2024.0
126,Atletico,UANL,2024-11-28,Home,19:00,Liga MX,Apertura — Quarter-finals,Thu,W,3.0,0.0,0.5,1.1,47.0,22102.0,Julio Domínguez,3-4-3,4-2-3-1,Jesus Lopez,Match Report,Leg 1 of 2,7.0,4.0,19.5,0.0,0.0,0.0,2024.0
127,Atletico,UANL,2024-12-01,Away,19:00,Liga MX,Apertura — Quarter-finals,Sun,D,0.0,0.0,1.0,2.8,41.0,40271.0,Javier Güemez,3-5-2,4-2-3-1,Adonai Escobedo,Match Report,Leg 2 of 2; Atlético won,5.0,5.0,21.6,0.0,0.0,0.0,2024.0
128,Atletico,Monterrey,2024-12-04,Home,21:00,Liga MX,Apertura — Semi-finals,Wed,W,2.0,1.0,1.4,1.2,54.0,22803.0,Julio Domínguez,3-4-3,4-2-3-1,Fernando Hernández,Match Report,Leg 1 of 2,15.0,6.0,16.7,0.0,0.0,0.0,2024.0
129,Atletico,Monterrey,2024-12-07,Away,20:00,Liga MX,Apertura — Semi-finals,Sat,L,1.0,5.0,1.7,1.7,44.0,48606.0,Javier Güemez,5-3-2,3-5-2,Marco Antonio Ortíz,Match Report,Leg 2 of 2; Monterrey won,7.0,3.0,19.9,0.0,1.0,1.0,2024.0
130,Tijuana,Querétaro,2024-07-05,Away,19:00,Liga MX,Apertura 2024 Regular Season,Fri,W,2,1,2.1,0.8,62.0,9237.0,Christian Rivera,4-2-3-1,4-4-2,,Match Report,,18.0,5.0,20.7,0.0,0.0,0.0,2024.0
131,Tijuana,Guadalajara,2024-07-12,Home,20:00,Liga MX,Apertura 2024 Regular Season,Fri,W,4,2,2.3,1.2,47.0,29333.0,Joe Corona,3-2-4-1,4-2-3-1,Iván López,Match Report,,12.0,4.0,17.0,0.0,1.0,1.0,2024.0
132,Tijuana,Cruz Azul,2024-07-16,Away,21:05,Liga MX,Apertura 2024 Regular Season,Tue,L,0,3,0.5,2.2,61.0,25414.0,Christian Rivera,4-2-3-1,3-4-3,Ismael Lopez,Match Report,,8.0,1.0,22.6,0.0,0.0,0.0,2024.0
133,Tijuana,Atlético,2024-07-19,Away,19:00,Liga MX,Apertura 2024 Regular Season,Fri,D,1,1,1.3,1.1,60.0,12762.0,Fernando Madrigal,4-2-3-1,3-4-3,Charles Terrazas,Match Report,,9.0,3.0,22.2,0.0,1.0,1.0,2024.0
134,Tijuana,Santos,2024-08-18,Home,17:05,Liga MX,Apertura 2024 Regular Season,Sun,W,3,1,2.4,1.4,70.0,18633.0,Christian Rivera,4-1-4-1,4-2-3-1,Maximiliano Quintero,Match Report,,21.0,7.0,18.4,0.0,0.0,0.0,2024.0
135,Tijuana,Monterrey,2024-08-23,Home,20:05,Liga MX,Apertura 2024 Regular Season,Fri,D,2,2,1.4,2.7,51.0,23333.0,Christian Rivera,4-1-4-1,4-3-1-2,César Arturo Ramos,Match Report,,9.0,4.0,20.0,1.0,1.0,1.0,2024.0
136,Tijuana,León,2024-08-30,Home,20:05,Liga MX,Apertura 2024 Regular Season,Fri,W,2,1,1.6,0.4,72.0,22333.0,Christian Rivera,4-1-4-1,4-1-2-1-2,Víctor Cáceres,Match Report,,13.0,6.0,17.3,1.0,0.0,0.0,2024.0
137,Tijuana,Toluca,2024-09-14,Away,16:45,Liga MX,Apertura 2024 Regular Season,Sat,L,0,4,0.9,3.1,48.0,24507.0,Joe Corona,4-1-4-1,4-2-3-1,Ismael Lopez,Match Report,,9.0,2.0,21.6,0.0,0.0,0.0,2024.0
138,Tijuana,UNAM,2024-09-22,Away,17:00,Liga MX,Apertura 2024 Regular Season,Sun,L,0,1,0.2,2.6,59.0,12277.0,Christian Rivera,4-2-3-1,5-3-2,Luis Enrique Santander,Match Report,,6.0,2.0,24.2,0.0,0.0,0.0,2024.0
139,Tijuana,Mazatlán,2024-09-27,Home,20:05,Liga MX,Apertura 2024 Regular Season,Fri,W,1,0,1.0,0.6,64.0,18333.0,Christian Rivera,4-2-3-1,5-4-1,Víctor Cáceres,Match Report,,13.0,7.0,16.6,0.0,0.0,0.0,2024.0
140,Tijuana,Pachuca,2024-10-04,Home,20:00,Liga MX,Apertura 2024 Regular Season,Fri,W,2,1,0.8,1.1,58.0,19333.0,Christian Rivera,4-2-3-1,4-2-3-1,Iván López,Match Report,,14.0,6.0,24.7,0.0,0.0,0.0,2024.0
141,Tijuana,Necaxa,2024-10-18,Away,21:00,Liga MX,Apertura 2024 Regular Season,Fri,W,2,1,1.6,2.6,54.0,13960.0,Christian Rivera,3-4-3,3-4-1-2,Adonai Escobedo,Match Report,,10.0,2.0,21.3,0.0,1.0,1.0,2024.0
142,Tijuana,América,2024-10-23,Home,20:05,Liga MX,Apertura 2024 Regular Season,Wed,D,2,2,1.2,1.0,62.0,27333.0,Christian Rivera,4-2-3-1,4-2-3-1,Fernando Hernández,Match Report,,10.0,5.0,16.4,0.0,1.0,1.0,2024.0
143,Tijuana,Atlas,2024-10-26,Away,21:05,Liga MX,Apertura 2024 Regular Season,Sat,D,0,0,0.9,0.6,68.0,10759.0,Joe Corona,4-2-3-1,4-2-3-1,Katia García,Match Report,,15.0,6.0,20.8,0.0,0.0,0.0,2024.0
144,Tijuana,UANL,2024-11-01,Home,20:05,Liga MX,Apertura 2024 Regular Season,Fri,L,0,3,1.1,2.6,66.0,16325.0,Christian Rivera,4-2-3-1,4-2-3-1,Fernando Guerrero,Match Report,,15.0,4.0,20.4,1.0,0.0,0.0,2024.0
145,Tijuana,FC Juárez,2024-11-06,Away,20:06,Liga MX,Apertura 2024 Regular Season,Wed,D,1,1,1.8,1.7,62.0,6098.0,Christian Rivera,4-2-3-1,4-4-1-1,Oscar Mejia,Match Report,,19.0,6.0,21.3,1.0,0.0,0.0,2024.0
146,Tijuana,Puebla,2024-11-10,Home,19:10,Liga MX,Apertura 2024 Regular Season,Sun,W,2,1,1.8,0.8,80.0,21333.0,Christian Rivera,3-4-3,5-4-1,Ismael Lopez,Match Report,,28.0,11.0,18.6,1.0,0.0,0.0,2024.0
147,Tijuana,América,2024-11-21,Home,19:00,Liga MX,Apertura — 7-seed match,Thu,D,2 (2),2 (3),0.9,0.9,49.0,29333.0,Christian Rivera,3-4-3,5-4-1,Adonai Escobedo,Match Report,América won on penalty kicks following extra time,8.0,3.0,19.9,0.0,0.0,0.0,2024.0
148,Tijuana,Atlas,2024-11-24,Home,19:00,Liga MX,Apertura — 8-seed match,Sun,W,3,0,2.8,0.7,62.0,17333.0,Joe Corona,4-2-3-1,5-3-2,Víctor Cáceres,Match Report,,22.0,8.0,17.0,0.0,0.0,0.0,2024.0
149,Tijuana,Cruz Azul,2024-11-27,Home,19:10,Liga MX,Apertura — Quarter-finals,Wed,W,3,0,2.0,0.3,73.0,25333.0,Christian Rivera,4-2-3-1,3-4-3,Fernando Hernández,Match Report,Leg 1 of 2,11.0,4.0,18.4,0.0,0.0,0.0,2024.0
150,Tijuana,Cruz Azul,2024-11-30,Away,19:10,Liga MX,Apertura — Quarter-finals,Sat,L,0,3,0.9,4.5,43.0,24975.0,Christian Rivera,5-3-2,4-3-3,Víctor Cáceres,Match Report,Leg 2 of 2; Cruz Azul won,5.0,4.0,15.4,1.0,0.0,0.0,2024.0
151,America,Atlético,2024-07-06,Away,17:00,Liga MX,Apertura 2024 Regular Season,Sat,L,1,2,1.1,1.2,63.0,21480.0,Henry Martín,4-2-3-1,3-4-3,,Match Report,,11.0,6.0,20.9,1.0,0.0,0.0,2024.0
152,America,Querétaro,2024-07-12,Home,19:00,Liga MX,Apertura 2024 Regular Season,Fri,W,3,1,2.2,0.5,59.0,9997.0,Henry Martín,4-4-2,5-4-1,,Match Report,,11.0,4.0,14.6,0.0,0.0,0.0,2024.0
153,America,UANL,2024-07-17,Away,21:00,Liga MX,Apertura 2024 Regular Season,Wed,L,0,1,1.6,1.1,46.0,41615.0,Henry Martín,4-2-3-1,4-4-2,Fernando Guerrero,Match Report,,12.0,4.0,15.9,1.0,0.0,0.0,2024.0
154,America,FC Juárez,2024-07-20,Away,21:10,Liga MX,Apertura 2024 Regular Season,Sat,W,2,1,2.4,0.4,58.0,14917.0,Henry Martín,4-2-3-1,4-2-3-1,Maximiliano Quintero,Match Report,,19.0,7.0,17.2,0.0,0.0,0.0,2024.0
155,America,Puebla,2024-08-24,Home,21:05,Liga MX,Apertura 2024 Regular Season,Sat,L,0,1,1.7,0.6,70.0,11978.0,Henry Martín,4-2-3-1,5-4-1,Luis Enrique Santander,Match Report,,21.0,4.0,18.7,0.0,0.0,0.0,2024.0
156,America,Cruz Azul,2024-08-31,Away,21:10,Liga MX,Apertura 2024 Regular Season,Sat,L,1,4,0.7,0.9,46.0,25282.0,Henry Martín,3-4-3,3-1-4-2,César Arturo Ramos,Match Report,,12.0,3.0,21.5,0.0,0.0,0.0,2024.0
157,America,Guadalajara,2024-09-14,Home,18:50,Liga MX,Apertura 2024 Regular Season,Sat,W,1,0,0.5,0.8,33.0,26040.0,Henry Martín,4-4-2,4-2-3-1,Víctor Cáceres,Match Report,,9.0,2.0,22.1,0.0,0.0,0.0,2024.0
158,America,Atlas,2024-09-17,Home,19:00,Liga MX,Apertura 2024 Regular Season,Tue,W,3,0,1.3,0.6,58.0,10236.0,Álvaro Fidalgo,4-3-3,4-2-3-1,Adonai Escobedo,Match Report,,13.0,7.0,19.3,1.0,0.0,0.0,2024.0
159,America,Necaxa,2024-09-21,Away,19:00,Liga MX,Apertura 2024 Regular Season,Sat,D,1,1,1.5,1.1,74.0,20147.0,Henry Martín,4-2-3-1,4-2-3-1,Oscar Mejia,Match Report,,18.0,6.0,18.3,1.0,0.0,0.0,2024.0
160,America,UNAM,2024-09-29,Home,18:00,Liga MX,Apertura 2024 Regular Season,Sun,L,0,1,0.4,0.8,69.0,23401.0,Álvaro Fidalgo,3-4-1-2,3-4-1-2,Fernando Hernández,Match Report,,12.0,5.0,23.0,2.0,0.0,0.0,2024.0
161,America,León,2024-10-05,Away,21:00,Liga MX,Apertura 2024 Regular Season,Sat,D,1,1,1.2,0.6,65.0,17945.0,Henry Martín,4-2-3-1,4-4-2,César Arturo Ramos,Match Report,,14.0,5.0,18.9,0.0,0.0,0.0,2024.0
162,America,Santos,2024-10-19,Home,19:05,Liga MX,Apertura 2024 Regular Season,Sat,W,3,0,2.8,0.2,71.0,24110.0,Jonathan dos Santos,3-4-3,4-1-3-2,Jesus Lopez,Match Report,,27.0,7.0,15.3,0.0,0.0,0.0,2024.0
163,America,Tijuana,2024-10-23,Away,20:05,Liga MX,Apertura 2024 Regular Season,Wed,D,2,2,1.0,1.2,38.0,27333.0,Henry Martín,4-2-3-1,4-2-3-1,Fernando Hernández,Match Report,,17.0,10.0,17.0,0.0,0.0,0.0,2024.0
164,America,Monterrey,2024-10-27,Home,20:05,Liga MX,Apertura 2024 Regular Season,Sun,W,2,1,2.0,1.0,56.0,23810.0,Henry Martín,4-2-3-1,4-2-3-1,Daniel Quintero,Match Report,,13.0,6.0,15.7,0.0,0.0,0.0,2024.0
165,America,Mazatlán,2024-11-01,Away,20:00,Liga MX,Apertura 2024 Regular Season,Fri,W,5,0,3.0,0.4,58.0,6391.0,Henry Martín,4-2-3-1,4-4-2,Adonai Escobedo,Match Report,,14.0,8.0,12.9,0.0,0.0,0.0,2024.0
166,America,Pachuca,2024-11-06,Home,19:00,Liga MX,Apertura 2024 Regular Season,Wed,W,2,1,0.5,0.8,48.0,40814.0,Henry Martín,4-2-3-1,4-2-3-1,Fernando Guerrero,Match Report,,10.0,2.0,21.1,1.0,0.0,0.0,2024.0
167,America,Toluca,2024-11-09,Away,19:00,Liga MX,Apertura 2024 Regular Season,Sat,L,0,4,0.7,1.2,55.0,27273.0,Henry Martín,4-4-2,4-2-3-1,Víctor Cáceres,Match Report,,9.0,5.0,22.3,1.0,0.0,0.0,2024.0
168,America,Tijuana,2024-11-21,Away,19:00,Liga MX,Apertura — 7-seed match,Thu,D,2 (3),2 (2),0.9,0.9,51.0,29333.0,Henry Martín,5-4-1,3-4-3,Adonai Escobedo,Match Report,América won on penalty kicks following extra time,11.0,3.0,14.3,0.0,0.0,0.0,2024.0
169,America,Toluca,2024-11-27,Home,19:00,Liga MX,Apertura — Quarter-finals,Wed,W,2,0,1.4,0.7,35.0,27025.0,Álvaro Fidalgo,5-4-1,4-4-2,Oscar Mejía,Match Report,Leg 1 of 2,14.0,5.0,16.5,0.0,0.0,0.0,2024.0
170,America,Toluca,2024-11-30,Away,17:00,Liga MX,Apertura — Quarter-finals,Sat,W,2,0,1.2,1.5,35.0,27273.0,Álvaro Fidalgo,5-4-1,4-2-3-1,César Arturo Ramos,Match Report,Leg 2 of 2; América won,7.0,5.0,15.2,1.0,0.0,0.0,2024.0
171,America,Cruz Azul,2024-12-05,Home,20:00,Liga MX,Apertura — Semi-finals,Thu,D,0,0,0.5,0.3,36.0,29401.0,Álvaro Fidalgo,5-4-1,3-5-2,Oscar Mejía,Match Report,Leg 1 of 2,6.0,2.0,19.4,1.0,0.0,0.0,2024.0
172,America,Cruz Azul,2024-12-08,Away,19:00,Liga MX,Apertura — Semi-finals,Sun,W,4,3,1.1,2.3,37.0,29404.0,Henry Martín,4-4-2,3-5-1-1,Adonai Escobedo,Match Report,Leg 2 of 2; América won,4.0,3.0,25.7,0.0,1.0,1.0,2024.0
173,America,Monterrey,2024-12-12,Home,20:00,Liga MX,Apertura — Finals,Thu,W,2,1,1.6,0.6,48.0,36933.0,Henry Martín,5-4-1,4-2-3-1,Víctor Cáceres,Match Report,Leg 1 of 2,13.0,6.0,15.1,0.0,0.0,0.0,2024.0
174,America,Monterrey,2024-12-15,Away,19:00,Liga MX,Apertura — Finals,Sun,D,1,1,0.7,1.2,30.0,52127.0,Henry Martín,5-3-2,4-2-3-1,César Arturo Ramos,Match Report,Leg 2 of 2; América won,4.0,3.0,13.1,0.0,0.0,0.0,2024.0
175,Guadalajara,Toluca,2024-07-06,Home,19:00,Liga MX,Apertura 2024 Regular Season,Sat,D,0.0,0.0,1.3,0.6,51.0,37251.0,Javier Hernández,4-2-3-1,4-2-3-1,,Match Report,,15.0,4.0,20.5,0.0,0.0,0.0,2024.0
176,Guadalajara,Tijuana,2024-07-12,Away,20:00,Liga MX,Apertura 2024 Regular Season,Fri,L,2.0,4.0,1.2,2.3,53.0,29333.0,Javier Hernández,4-2-3-1,3-2-4-1,Iván López,Match Report,,11.0,2.0,15.3,0.0,0.0,0.0,2024.0
177,Guadalajara,Querétaro,2024-07-16,Away,19:00,Liga MX,Apertura 2024 Regular Season,Tue,W,2.0,0.0,2.2,0.6,57.0,28891.0,Javier Hernández,4-2-3-1,5-4-1,Fernando Hernández,Match Report,,14.0,6.0,17.6,0.0,0.0,0.0,2024.0
178,Guadalajara,Mazatlán,2024-07-20,Home,17:05,Liga MX,Apertura 2024 Regular Season,Sat,W,2.0,0.0,0.7,1.0,55.0,35602.0,Javier Hernández,4-1-4-1,4-4-2,Oscar Mejia,Match Report,,13.0,4.0,22.5,2.0,0.0,0.0,2024.0
179,Guadalajara,UANL,2024-08-24,Away,19:00,Liga MX,Apertura 2024 Regular Season,Sat,D,1.0,1.0,1.3,1.7,50.0,41615.0,Erick Gutiérrez,4-1-4-1,4-4-2,Daniel Quintero,Match Report,,10.0,6.0,18.2,0.0,0.0,0.0,2024.0
180,Guadalajara,FC Juárez,2024-08-31,Home,17:05,Liga MX,Apertura 2024 Regular Season,Sat,W,5.0,0.0,3.3,1.2,56.0,34829.0,Erick Gutiérrez,4-1-4-1,4-2-3-1,Adonai Escobedo,Match Report,,12.0,6.0,15.9,1.0,1.0,1.0,2024.0
181,Guadalajara,América,2024-09-14,Away,18:50,Liga MX,Apertura 2024 Regular Season,Sat,L,0.0,1.0,0.8,0.5,67.0,26040.0,Erick Gutiérrez,4-2-3-1,4-4-2,Víctor Cáceres,Match Report,,16.0,1.0,20.5,0.0,0.0,0.0,2024.0
182,Guadalajara,León,2024-09-18,Home,19:05,Liga MX,Apertura 2024 Regular Season,Wed,W,2.0,0.0,1.4,0.8,46.0,31075.0,Erick Gutiérrez,4-2-3-1,4-4-2,Guillermo Pacheco,Match Report,,10.0,3.0,21.0,2.0,1.0,1.0,2024.0
183,Guadalajara,Cruz Azul,2024-09-21,Away,21:05,Liga MX,Apertura 2024 Regular Season,Sat,L,0.0,1.0,0.8,1.9,44.0,25851.0,Erick Gutiérrez,4-1-3-2,5-4-1,Daniel Quintero,Match Report,,12.0,5.0,14.6,0.0,0.0,0.0,2024.0
184,Guadalajara,Monterrey,2024-09-28,Home,21:05,Liga MX,Apertura 2024 Regular Season,Sat,D,1.0,1.0,1.8,0.3,48.0,36043.0,Erick Gutiérrez,4-1-4-1,4-1-2-1-2,Jesus Lopez,Match Report,,11.0,3.0,16.4,0.0,0.0,0.0,2024.0
185,Guadalajara,Atlas,2024-10-05,Home,19:05,Liga MX,Apertura 2024 Regular Season,Sat,L,2.0,3.0,1.2,1.3,70.0,40846.0,Víctor Guzmán,4-1-4-1,4-2-3-1,Fernando Hernández,Match Report,,20.0,7.0,15.9,1.0,0.0,0.0,2024.0
186,Guadalajara,Pachuca,2024-10-19,Away,17:00,Liga MX,Apertura 2024 Regular Season,Sat,W,2.0,0.0,0.3,1.0,46.0,10868.0,Gilberto Sepúlveda,5-3-2,4-2-3-1,César Arturo Ramos,Match Report,,3.0,2.0,14.8,0.0,0.0,0.0,2024.0
187,Guadalajara,Necaxa,2024-10-22,Home,19:05,Liga MX,Apertura 2024 Regular Season,Tue,W,3.0,2.0,1.9,1.2,60.0,31120.0,Fernando Beltrán,5-3-2,3-4-1-2,Víctor Cáceres,Match Report,,24.0,5.0,20.5,1.0,0.0,0.0,2024.0
188,Guadalajara,Puebla,2024-10-25,Away,21:00,Liga MX,Apertura 2024 Regular Season,Fri,L,0.0,1.0,1.2,1.3,69.0,32325.0,Fernando Beltrán,4-1-4-1,5-3-2,Ismael Lopez,Match Report,,23.0,2.0,18.9,0.0,0.0,0.0,2024.0
189,Guadalajara,UNAM,2024-11-02,Home,19:05,Liga MX,Apertura 2024 Regular Season,Sat,D,0.0,0.0,0.5,0.7,47.0,37819.0,Erick Gutiérrez,3-4-1-2,5-3-2,Marco Antonio Ortíz,Match Report,,8.0,3.0,21.4,0.0,0.0,0.0,2024.0
190,Guadalajara,Santos,2024-11-05,Away,19:00,Liga MX,Apertura 2024 Regular Season,Tue,W,2.0,0.0,1.0,0.9,40.0,12507.0,Erick Gutiérrez,4-4-2,4-4-2,Iván López,Match Report,,13.0,7.0,18.9,0.0,0.0,0.0,2024.0
191,Guadalajara,Atlético,2024-11-09,Home,17:05,Liga MX,Apertura 2024 Regular Season,Sat,L,0.0,1.0,1.1,0.2,47.0,35066.0,Erick Gutiérrez,4-4-2,5-4-1,Daniel Quintero,Match Report,,12.0,1.0,16.6,1.0,0.0,0.0,2024.0
192,Guadalajara,Atlas,2024-11-21,Home,19:05,Liga MX,Apertura — 9/10 match,Thu,L,1.0,2.0,1.8,1.7,60.0,40645.0,Víctor Guzmán,4-2-3-1,5-4-1,César Arturo Ramos,Match Report,,14.0,2.0,16.6,1.0,1.0,1.0,2024.0
193,Atlas,FC Juárez,2024-07-05,Away,21:10,Liga MX,Apertura 2024 Regular Season,Fri,D,2.0,2.0,1.0,1.1,43.0,7046.0,Aldo Rocha,4-2-3-1,4-1-4-1,,Match Report,,11.0,3.0,17.8,1.0,0.0,0.0,2024.0
194,Atlas,UANL,2024-07-12,Home,21:05,Liga MX,Apertura 2024 Regular Season,Fri,D,1.0,1.0,0.6,1.6,45.0,13614.0,Aldo Rocha,4-2-3-1,4-2-3-1,Jorge Camacho,Match Report,,10.0,3.0,17.5,0.0,0.0,0.0,2024.0
195,Atlas,Santos,2024-07-16,Home,19:00,Liga MX,Apertura 2024 Regular Season,Tue,W,1.0,0.0,2.0,0.1,50.0,12331.0,Aldo Rocha,4-2-3-1,4-2-3-1,Luis Enrique Santander,Match Report,,22.0,4.0,15.7,0.0,0.0,0.0,2024.0
196,Atlas,Puebla,2024-07-19,Away,21:05,Liga MX,Apertura 2024 Regular Season,Fri,W,2.0,1.0,0.8,0.8,44.0,10847.0,Aldo Rocha,4-2-3-1,4-1-4-1,Iván López,Match Report,,7.0,3.0,13.8,0.0,0.0,0.0,2024.0
197,Atlas,UNAM,2024-08-24,Home,19:00,Liga MX,Apertura 2024 Regular Season,Sat,W,2.0,1.0,1.0,1.9,43.0,17319.0,Aldo Rocha,4-2-3-1,4-3-3,Fernando Hernández,Match Report,,12.0,4.0,16.8,0.0,0.0,0.0,2024.0
198,Atlas,Atlético,2024-08-30,Away,19:00,Liga MX,Apertura 2024 Regular Season,Fri,L,1.0,2.0,1.5,0.8,50.0,132023.0,Aldo Rocha,4-2-3-1,4-2-3-1,Jorge Camacho,Match Report,,11.0,4.0,18.6,1.0,0.0,0.0,2024.0
199,Atlas,Pachuca,2024-09-13,Home,19:00,Liga MX,Apertura 2024 Regular Season,Fri,W,2.0,0.0,1.1,0.3,56.0,12654.0,Aldo Rocha,4-2-3-1,4-2-3-1,Luis Enrique Santander,Match Report,,11.0,3.0,23.0,2.0,0.0,0.0,2024.0
200,Atlas,América,2024-09-17,Away,19:00,Liga MX,Apertura 2024 Regular Season,Tue,L,0.0,3.0,0.6,1.3,42.0,10236.0,Aldo Rocha,4-2-3-1,4-3-3,Adonai Escobedo,Match Report,,6.0,1.0,29.9,0.0,0.0,0.0,2024.0
201,Atlas,Querétaro,2024-09-20,Home,19:00,Liga MX,Apertura 2024 Regular Season,Fri,L,0.0,1.0,1.0,1.0,70.0,10038.0,Aldo Rocha,4-2-3-1,4-1-4-1,Jesus Lopez,Match Report,,19.0,3.0,20.6,0.0,0.0,0.0,2024.0
202,Atlas,Toluca,2024-09-28,Away,17:00,Liga MX,Apertura 2024 Regular Season,Sat,L,1.0,4.0,1.5,0.8,49.0,24963.0,Aldo Rocha,4-2-3-1,4-2-3-1,Charles Terrazas,Match Report,,17.0,3.0,24.1,1.0,0.0,0.0,2024.0
203,Atlas,Guadalajara,2024-10-05,Away,19:05,Liga MX,Apertura 2024 Regular Season,Sat,W,3.0,2.0,1.3,1.2,30.0,40846.0,Aldo Rocha,4-2-3-1,4-1-4-1,Fernando Hernández,Match Report,,10.0,3.0,17.4,1.0,0.0,0.0,2024.0
204,Atlas,Mazatlán,2024-10-18,Home,19:00,Liga MX,Apertura 2024 Regular Season,Fri,D,0.0,0.0,0.9,0.7,50.0,10690.0,Aldo Rocha,4-2-3-1,5-4-1,Daniel Quintero,Match Report,,14.0,3.0,19.9,1.0,0.0,0.0,2024.0
205,Atlas,León,2024-10-23,Away,21:00,Liga MX,Apertura 2024 Regular Season,Wed,D,0.0,0.0,0.2,1.0,39.0,16608.0,Aldo Rocha,4-2-3-1,4-4-2,Oscar Mejia,Match Report,,6.0,0.0,21.3,0.0,0.0,0.0,2024.0
206,Atlas,Tijuana,2024-10-26,Home,21:05,Liga MX,Apertura 2024 Regular Season,Sat,D,0.0,0.0,0.6,0.9,32.0,10759.0,Aldo Rocha,4-2-3-1,4-2-3-1,Katia García,Match Report,,8.0,0.0,15.1,0.0,0.0,0.0,2024.0
207,Atlas,Monterrey,2024-11-02,Away,19:05,Liga MX,Apertura 2024 Regular Season,Sat,L,0.0,4.0,0.8,2.4,47.0,40301.0,Hugo Nervo,4-2-3-1,4-2-3-1,Fernando Hernández,Match Report,,14.0,1.0,18.5,0.0,0.0,0.0,2024.0
208,Atlas,Cruz Azul,2024-11-06,Home,21:05,Liga MX,Apertura 2024 Regular Season,Wed,D,2.0,2.0,0.9,1.3,47.0,242024.0,Aldo Rocha,3-5-1-1,3-4-3,Víctor Cáceres,Match Report,,11.0,2.0,20.5,0.0,0.0,0.0,2024.0
209,Atlas,Necaxa,2024-11-10,Away,17:00,Liga MX,Apertura 2024 Regular Season,Sun,D,0.0,0.0,1.0,1.0,58.0,19121.0,Aldo Rocha,5-4-1,3-4-3,Marco Antonio Ortíz,Match Report,,15.0,6.0,19.7,1.0,0.0,0.0,2024.0
210,Atlas,Guadalajara,2024-11-21,Away,19:05,Liga MX,Apertura — 9/10 match,Thu,W,2.0,1.0,1.7,1.8,40.0,40645.0,Aldo Rocha,5-4-1,4-2-3-1,César Arturo Ramos,Match Report,,11.0,4.0,18.5,2.0,1.0,1.0,2024.0
211,Atlas,Tijuana,2024-11-24,Away,19:00,Liga MX,Apertura — 8-seed match,Sun,L,0.0,3.0,0.7,2.8,38.0,17333.0,Aldo Rocha,5-3-2,4-2-3-1,Víctor Cáceres,Match Report,,12.0,2.0,19.5,0.0,0.0,0.0,2024.0
212,Leon,UNAM,2024-07-07,Away,13:00,Liga MX,Apertura 2024 Regular Season,Sun,L,1.0,4.0,0.7,2.1,50.0,19950.0,Fidel Ambríz,4-2-3-1,4-1-4-1,,Match Report,,9.0,3.0,27.2,0.0,0.0,0.0,2024.0
213,Leon,Pachuca,2024-07-13,Home,17:00,Liga MX,Apertura 2024 Regular Season,Sat,D,0.0,0.0,0.3,0.9,57.0,13279.0,Fidel Ambríz,4-2-3-1,4-2-3-1,,Match Report,,11.0,5.0,24.1,1.0,0.0,0.0,2024.0
214,Leon,Puebla,2024-07-16,Away,21:00,Liga MX,Apertura 2024 Regular Season,Tue,D,2.0,2.0,0.7,2.7,61.0,7883.0,Fidel Ambríz,3-1-4-2,4-1-4-1,Marco Antonio Ortíz,Match Report,,9.0,6.0,21.2,1.0,0.0,0.0,2024.0
215,Leon,Necaxa,2024-07-21,Home,19:05,Liga MX,Apertura 2024 Regular Season,Sun,D,1.0,1.0,1.7,0.4,66.0,19930.0,Fidel Ambríz,4-1-4-1,5-3-2,Luis García,Match Report,,18.0,3.0,19.0,0.0,1.0,1.0,2024.0
216,Leon,Santos,2024-08-24,Home,19:00,Liga MX,Apertura 2024 Regular Season,Sat,D,1.0,1.0,2.4,0.8,60.0,18129.0,Fidel Ambríz,4-2-3-1,4-4-2,Adonai Escobedo,Match Report,,25.0,6.0,18.4,1.0,0.0,0.0,2024.0
217,Leon,Tijuana,2024-08-30,Away,20:05,Liga MX,Apertura 2024 Regular Season,Fri,L,1.0,2.0,0.4,1.6,28.0,22333.0,Andrés Guardado,4-1-2-1-2◆,4-1-4-1,Víctor Cáceres,Match Report,,8.0,3.0,22.2,0.0,0.0,0.0,2024.0
218,Leon,Cruz Azul,2024-09-14,Home,20:35,Liga MX,Apertura 2024 Regular Season,Sat,L,1.0,2.0,1.3,2.0,43.0,21585.0,Andrés Guardado,4-1-2-1-2◆,3-1-4-2,Maximiliano Quintero,Match Report,,9.0,4.0,14.9,0.0,0.0,0.0,2024.0
219,Leon,Guadalajara,2024-09-18,Away,19:05,Liga MX,Apertura 2024 Regular Season,Wed,L,0.0,2.0,0.8,1.4,54.0,31075.0,Andrés Guardado,4-4-2,4-2-3-1,Guillermo Pacheco,Match Report,,10.0,4.0,20.5,1.0,0.0,0.0,2024.0
220,Leon,Atlético,2024-09-21,Home,17:00,Liga MX,Apertura 2024 Regular Season,Sat,W,1.0,0.0,1.2,1.3,49.0,13297.0,Jaine Barreiro,4-4-2,4-3-1-2,Luis García,Match Report,,13.0,4.0,16.6,0.0,0.0,0.0,2024.0
221,Leon,UANL,2024-09-27,Away,20:00,Liga MX,Apertura 2024 Regular Season,Fri,D,2.0,2.0,0.7,2.2,36.0,39834.0,Andrés Guardado,4-4-2,4-2-3-1,Daniel Quintero,Match Report,,10.0,5.0,18.2,1.0,0.0,0.0,2024.0
222,Leon,América,2024-10-05,Home,21:00,Liga MX,Apertura 2024 Regular Season,Sat,D,1.0,1.0,0.6,1.2,35.0,17945.0,Andrés Guardado,4-4-2,4-2-3-1,César Arturo Ramos,Match Report,,10.0,3.0,19.9,0.0,0.0,0.0,2024.0
223,Leon,FC Juárez,2024-10-19,Away,19:06,Liga MX,Apertura 2024 Regular Season,Sat,W,3.0,2.0,0.6,1.1,50.0,8235.0,Andrés Guardado,4-4-2,4-4-2,Víctor Cáceres,Match Report,,10.0,4.0,21.5,0.0,0.0,0.0,2024.0
224,Leon,Atlas,2024-10-23,Home,21:00,Liga MX,Apertura 2024 Regular Season,Wed,D,0.0,0.0,1.0,0.2,61.0,16608.0,Andrés Guardado,4-4-2,4-2-3-1,Oscar Mejia,Match Report,,17.0,6.0,18.9,0.0,0.0,0.0,2024.0
225,Leon,Querétaro,2024-10-26,Home,17:00,Liga MX,Apertura 2024 Regular Season,Sat,W,4.0,0.0,0.7,0.7,51.0,18763.0,Jaine Barreiro,4-4-2,4-1-4-1,Adonai Escobedo,Match Report,,11.0,6.0,21.0,2.0,0.0,0.0,2024.0
226,Leon,Toluca,2024-11-02,Away,17:00,Liga MX,Apertura 2024 Regular Season,Sat,D,2.0,2.0,1.5,2.2,45.0,27273.0,Andrés Guardado,4-3-3,4-2-3-1,Guillermo Pacheco,Match Report,,14.0,5.0,17.7,0.0,0.0,0.0,2024.0
227,Leon,Mazatlán,2024-11-05,Home,19:00,Liga MX,Apertura 2024 Regular Season,Tue,D,0.0,0.0,2.2,1.8,59.0,18928.0,Andrés Guardado,4-4-2,5-4-1,Fernando Hernández,Match Report,,12.0,2.0,24.2,0.0,0.0,2.0,2024.0
228,Leon,Monterrey,2024-11-10,Away,19:05,Liga MX,Apertura 2024 Regular Season,Sun,L,1.0,2.0,1.5,2.3,44.0,41874.0,Jaine Barreiro,4-2-3-1,4-2-3-1,César Arturo Ramos,Match Report,,12.0,5.0,20.4,1.0,0.0,0.0,2024.0
229,FC Juarez,Atlas,2024-07-05,Home,21:10,Liga MX,Apertura 2024 Regular Season,Fri,D,2.0,2.0,1.1,1.0,57.0,7046.0,Dieter Villalpando,4-1-4-1,4-2-3-1,,Match Report,,10.0,1.0,25.3,1.0,1.0,1.0,2024.0
230,FC Juarez,Toluca,2024-07-13,Away,19:10,Liga MX,Apertura 2024 Regular Season,Sat,L,2.0,3.0,1.1,2.0,54.0,23320.0,Francisco Calvo,4-2-3-1,4-2-3-1,,Match Report,,10.0,5.0,14.8,0.0,0.0,0.0,2024.0
231,FC Juarez,UNAM,2024-07-17,Home,19:06,Liga MX,Apertura 2024 Regular Season,Wed,L,1.0,2.0,0.9,0.5,50.0,8818.0,Francisco Calvo,4-2-3-1,4-2-3-1,Daniel Quintero,Match Report,,11.0,4.0,18.0,0.0,0.0,0.0,2024.0
232,FC Juarez,América,2024-07-20,Home,21:10,Liga MX,Apertura 2024 Regular Season,Sat,L,1.0,2.0,0.4,2.4,42.0,14917.0,Francisco Calvo,4-2-3-1,4-2-3-1,Maximiliano Quintero,Match Report,,9.0,6.0,26.3,0.0,0.0,0.0,2024.0
233,FC Juarez,Necaxa,2024-08-24,Away,17:00,Liga MX,Apertura 2024 Regular Season,Sat,L,0.0,3.0,0.8,1.9,69.0,12967.0,Dieter Villalpando,4-2-3-1,4-2-3-1,Martín Molina,Match Report,,14.0,2.0,19.4,0.0,0.0,0.0,2024.0
234,FC Juarez,Guadalajara,2024-08-31,Away,17:05,Liga MX,Apertura 2024 Regular Season,Sat,L,0.0,5.0,1.2,3.3,44.0,34829.0,Carlos Salcedo,4-2-3-1,4-1-4-1,Adonai Escobedo,Match Report,,12.0,3.0,15.2,0.0,0.0,0.0,2024.0
235,FC Juarez,Mazatlán,2024-09-13,Home,20:10,Liga MX,Apertura 2024 Regular Season,Fri,W,1.0,0.0,0.9,1.3,37.0,9486.0,Dieter Villalpando,4-2-3-1,3-4-3,Fernando Hernández,Match Report,,12.0,3.0,17.8,0.0,0.0,0.0,2024.0
236,FC Juarez,Monterrey,2024-09-18,Away,21:00,Liga MX,Apertura 2024 Regular Season,Wed,L,2.0,3.0,2.1,2.7,45.0,36441.0,Carlos Salcedo,4-2-3-1,4-1-3-2,Salvador Pérez Villalobos,Match Report,,15.0,4.0,15.4,0.0,0.0,0.0,2024.0
237,FC Juarez,UANL,2024-09-22,Home,19:10,Liga MX,Apertura 2024 Regular Season,Sun,L,0.0,1.0,0.3,1.9,44.0,10689.0,Carlos Salcedo,4-2-3-1,4-2-3-1,Víctor Cáceres,Match Report,,9.0,1.0,21.9,1.0,0.0,0.0,2024.0
238,FC Juarez,Puebla,2024-09-27,Away,18:00,Liga MX,Apertura 2024 Regular Season,Fri,W,3.0,2.0,1.2,3.2,49.0,5147.0,Carlos Salcedo,4-4-2,4-2-3-1,Oscar Mejia,Match Report,,10.0,5.0,23.1,2.0,1.0,1.0,2024.0
239,FC Juarez,Santos,2024-10-06,Away,20:05,Liga MX,Apertura 2024 Regular Season,Sun,W,2.0,0.0,1.5,0.9,43.0,7341.0,Carlos Salcedo,4-4-1-1,4-2-3-1,Ismael Lopez,Match Report,,13.0,4.0,18.8,0.0,0.0,0.0,2024.0
240,FC Juarez,León,2024-10-19,Home,19:06,Liga MX,Apertura 2024 Regular Season,Sat,L,2.0,3.0,1.1,0.6,50.0,8235.0,Carlos Salcedo,4-4-2,4-4-2,Víctor Cáceres,Match Report,,16.0,6.0,19.0,2.0,0.0,0.0,2024.0
241,FC Juarez,Cruz Azul,2024-10-23,Away,19:00,Liga MX,Apertura 2024 Regular Season,Wed,L,0.0,4.0,0.4,2.7,37.0,26278.0,Carlos Salcedo,4-3-3,3-4-3,Vicente Arce,Match Report,,11.0,3.0,31.4,1.0,0.0,0.0,2024.0
242,FC Juarez,Atlético,2024-10-27,Home,18:06,Liga MX,Apertura 2024 Regular Season,Sun,L,2.0,4.0,1.5,3.0,59.0,6548.0,Carlos Salcedo,4-4-2,3-5-1-1,Marco Antonio Ortíz,Match Report,,18.0,9.0,17.7,1.0,0.0,0.0,2024.0
243,FC Juarez,Querétaro,2024-11-01,Away,19:00,Liga MX,Apertura 2024 Regular Season,Fri,W,2.0,1.0,0.6,0.9,37.0,6391.0,Carlos Salcedo,4-2-3-1,4-1-4-1,César Arturo Ramos,Match Report,,14.0,6.0,18.6,0.0,0.0,0.0,2024.0
244,FC Juarez,Tijuana,2024-11-06,Home,20:06,Liga MX,Apertura 2024 Regular Season,Wed,D,1.0,1.0,1.7,1.8,38.0,6098.0,Carlos Salcedo,4-4-1-1,4-2-3-1,Oscar Mejia,Match Report,,14.0,2.0,20.1,0.0,0.0,1.0,2024.0
245,FC Juarez,Pachuca,2024-11-09,Away,19:00,Liga MX,Apertura 2024 Regular Season,Sat,W,1.0,0.0,0.6,0.6,44.0,5879.0,Carlos Salcedo,4-2-3-1,4-2-3-1,Jorge Camacho,Match Report,,12.0,3.0,21.7,2.0,0.0,0.0,2024.0
246,Necaxa,UANL,2024-07-06,Away,19:00,Liga MX,Apertura 2024 Regular Season,Sat,L,0.0,1.0,0.7,1.7,44.0,40371.0,Alexis Francisco Peña,4-2-3-1,4-2-3-1,,Match Report,,10.0,3.0,16.1,0.0,0.0,0.0,2024.0
247,Necaxa,Puebla,2024-07-13,Home,17:00,Liga MX,Apertura 2024 Regular Season,Sat,W,4.0,1.0,2.4,0.9,46.0,13540.0,Alexis Francisco Peña,4-2-3-1,4-1-4-1,Abraham Quirarte,Match Report,,24.0,9.0,19.7,0.0,0.0,0.0,2024.0
248,Necaxa,Monterrey,2024-07-17,Home,19:00,Liga MX,Apertura 2024 Regular Season,Wed,L,0.0,1.0,0.3,0.8,37.0,13668.0,Alexis Francisco Peña,4-2-3-1,4-2-3-1,Jesus Lopez,Match Report,,10.0,1.0,21.8,0.0,0.0,0.0,2024.0
249,Necaxa,León,2024-07-21,Away,19:05,Liga MX,Apertura 2024 Regular Season,Sun,D,1.0,1.0,0.4,1.7,34.0,19930.0,Fernando Arce Jr.,5-3-2,4-1-4-1,Luis García,Match Report,,6.0,4.0,12.6,0.0,0.0,0.0,2024.0
250,Necaxa,FC Juárez,2024-08-24,Home,17:00,Liga MX,Apertura 2024 Regular Season,Sat,W,3.0,0.0,1.9,0.8,31.0,12967.0,Ezequiel Unsain,4-2-3-1,4-2-3-1,Martín Molina,Match Report,,12.0,6.0,18.5,0.0,1.0,1.0,2024.0
251,Necaxa,Santos,2024-09-01,Away,19:05,Liga MX,Apertura 2024 Regular Season,Sun,L,2.0,3.0,3.3,1.6,34.0,8361.0,Ezequiel Unsain,4-2-3-1,4-4-2,Guillermo Pacheco,Match Report,,18.0,5.0,19.2,0.0,1.0,1.0,2024.0
252,Necaxa,UNAM,2024-09-13,Home,21:00,Liga MX,Apertura 2024 Regular Season,Fri,W,2.0,0.0,1.6,1.0,28.0,14725.0,Ezequiel Unsain,4-2-3-1,3-4-3,Katia García,Match Report,,14.0,6.0,17.3,2.0,0.0,0.0,2024.0
253,Necaxa,Mazatlán,2024-09-18,Away,19:00,Liga MX,Apertura 2024 Regular Season,Wed,D,0.0,0.0,0.2,1.1,38.0,7247.0,Ezequiel Unsain,4-2-3-1,3-4-3,Daniel Quintero,Match Report,,6.0,1.0,25.7,0.0,0.0,0.0,2024.0
254,Necaxa,América,2024-09-21,Home,19:00,Liga MX,Apertura 2024 Regular Season,Sat,D,1.0,1.0,1.1,1.5,26.0,20147.0,Ezequiel Unsain,4-2-3-1,4-2-3-1,Oscar Mejia,Match Report,,11.0,3.0,22.9,1.0,0.0,0.0,2024.0
255,Necaxa,Querétaro,2024-09-27,Away,19:00,Liga MX,Apertura 2024 Regular Season,Fri,D,0.0,0.0,1.3,0.5,43.0,7844.0,Ezequiel Unsain,4-2-3-1,4-1-4-1,Jorge Camacho,Match Report,,23.0,5.0,21.1,1.0,0.0,0.0,2024.0
256,Necaxa,Cruz Azul,2024-10-05,Away,17:00,Liga MX,Apertura 2024 Regular Season,Sat,L,0.0,3.0,0.7,1.9,32.0,25589.0,Ezequiel Unsain,4-3-1-2,3-1-4-2,Guillermo Pacheco,Match Report,,6.0,1.0,16.1,0.0,0.0,0.0,2024.0
257,Necaxa,Tijuana,2024-10-18,Home,21:00,Liga MX,Apertura 2024 Regular Season,Fri,L,1.0,2.0,2.6,1.6,46.0,13960.0,Ezequiel Unsain,3-4-1-2,3-4-3,Adonai Escobedo,Match Report,,23.0,6.0,18.6,0.0,1.0,1.0,2024.0
258,Necaxa,Guadalajara,2024-10-22,Away,19:05,Liga MX,Apertura 2024 Regular Season,Tue,L,2.0,3.0,1.2,1.9,40.0,31120.0,Ezequiel Unsain,3-4-1-2,5-3-2,Víctor Cáceres,Match Report,,9.0,6.0,17.9,0.0,0.0,0.0,2024.0
259,Necaxa,Toluca,2024-10-27,Home,18:00,Liga MX,Apertura 2024 Regular Season,Sun,L,1.0,3.0,1.1,2.0,51.0,16443.0,Ezequiel Unsain,3-4-3,3-4-3,Fernando Guerrero,Match Report,,23.0,7.0,20.1,0.0,0.0,0.0,2024.0
260,Necaxa,Pachuca,2024-11-02,Away,21:06,Liga MX,Apertura 2024 Regular Season,Sat,L,2.0,6.0,0.7,2.9,47.0,5541.0,Ezequiel Unsain,4-2-3-1,4-2-3-1,Ismael Lopez,Match Report,,18.0,8.0,23.7,0.0,0.0,0.0,2024.0
261,Necaxa,Atlético,2024-11-06,Home,19:00,Liga MX,Apertura 2024 Regular Season,Wed,D,1.0,1.0,1.3,0.7,36.0,17969.0,Ezequiel Unsain,3-4-1-2,3-4-3,Jesus Lopez,Match Report,,17.0,4.0,18.0,0.0,0.0,0.0,2024.0
262,Necaxa,Atlas,2024-11-10,Home,17:00,Liga MX,Apertura 2024 Regular Season,Sun,D,0.0,0.0,1.0,1.0,42.0,19121.0,Ezequiel Unsain,3-4-3,5-4-1,Marco Antonio Ortíz,Match Report,,18.0,4.0,18.2,1.0,0.0,0.0,2024.0
263,Mazatlan,Cruz Azul,2024-07-06,Away,21:00,Liga MX,Apertura 2024 Regular Season,Sat,L,0.0,1.0,0.6,2.0,35.0,15206.0,Hugo González Durán,4-2-3-1,5-4-1,,Match Report,,8.0,1.0,17.0,0.0,0.0,0.0,2024.0
264,Mazatlan,Atlético,2024-07-12,Home,20:00,Liga MX,Apertura 2024 Regular Season,Fri,D,2.0,2.0,3.1,1.9,53.0,9147.0,Hugo González Durán,4-2-3-1,3-4-3,Martín Molina,Match Report,,17.0,4.0,17.7,0.0,0.0,1.0,2024.0
265,Mazatlan,Toluca,2024-07-17,Away,21:00,Liga MX,Apertura 2024 Regular Season,Wed,L,0.0,3.0,0.4,1.2,46.0,22646.0,Hugo González Durán,4-4-2,4-2-3-1,Adonai Escobedo,Match Report,,7.0,2.0,20.8,0.0,0.0,0.0,2024.0
266,Mazatlan,Guadalajara,2024-07-20,Away,17:05,Liga MX,Apertura 2024 Regular Season,Sat,L,0.0,2.0,1.0,0.7,45.0,35602.0,Hugo González Durán,4-4-2,4-1-4-1,Oscar Mejia,Match Report,,10.0,4.0,23.7,1.0,0.0,0.0,2024.0
267,Mazatlan,Pachuca,2024-08-23,Home,19:00,Liga MX,Apertura 2024 Regular Season,Fri,W,3.0,0.0,3.1,0.4,63.0,9095.0,Hugo González Durán,3-4-3,4-2-3-1,Marco Antonio Ortíz,Match Report,,26.0,10.0,18.8,0.0,0.0,0.0,2024.0
268,Mazatlan,Puebla,2024-08-30,Home,19:00,Liga MX,Apertura 2024 Regular Season,Fri,D,1.0,1.0,2.1,0.3,68.0,8357.0,Hugo González Durán,3-4-3,5-4-1,Ismael Lopez,Match Report,,24.0,7.0,17.6,0.0,0.0,0.0,2024.0
269,Mazatlan,FC Juárez,2024-09-13,Away,20:10,Liga MX,Apertura 2024 Regular Season,Fri,L,0.0,1.0,1.3,0.9,63.0,9486.0,Hugo González Durán,3-4-3,4-2-3-1,Fernando Hernández,Match Report,,17.0,5.0,20.1,1.0,0.0,0.0,2024.0
270,Mazatlan,Necaxa,2024-09-18,Home,19:00,Liga MX,Apertura 2024 Regular Season,Wed,D,0.0,0.0,1.1,0.2,62.0,7247.0,Hugo González Durán,3-4-3,4-2-3-1,Daniel Quintero,Match Report,,15.0,3.0,21.8,1.0,0.0,0.0,2024.0
271,Mazatlan,Monterrey,2024-09-21,Away,19:00,Liga MX,Apertura 2024 Regular Season,Sat,D,0.0,0.0,2.1,0.2,56.0,43721.0,Hugo González Durán,3-4-1-2,4-3-1-2,Ismael Lopez,Match Report,,16.0,5.0,16.3,0.0,0.0,0.0,2024.0
272,Mazatlan,Tijuana,2024-09-27,Away,20:05,Liga MX,Apertura 2024 Regular Season,Fri,L,0.0,1.0,0.6,1.0,36.0,18333.0,Hugo González Durán,5-4-1,4-2-3-1,Víctor Cáceres,Match Report,,9.0,3.0,19.7,0.0,0.0,0.0,2024.0
273,Mazatlan,Querétaro,2024-10-04,Home,19:00,Liga MX,Apertura 2024 Regular Season,Fri,D,2.0,2.0,1.4,2.1,45.0,7773.0,Hugo González Durán,3-5-2,4-2-3-1,Oscar Mejia,Match Report,,13.0,5.0,19.3,1.0,0.0,0.0,2024.0
274,Mazatlan,Atlas,2024-10-18,Away,19:00,Liga MX,Apertura 2024 Regular Season,Fri,D,0.0,0.0,0.7,0.9,50.0,10690.0,Hugo González Durán,5-4-1,4-2-3-1,Daniel Quintero,Match Report,,11.0,4.0,19.1,1.0,0.0,0.0,2024.0
275,Mazatlan,UANL,2024-10-22,Home,20:06,Liga MX,Apertura 2024 Regular Season,Tue,W,2.0,0.0,0.8,2.3,42.0,9642.0,Hugo González Durán,5-4-1,4-2-3-1,César Arturo Ramos,Match Report,,13.0,5.0,17.5,0.0,0.0,0.0,2024.0
276,Mazatlan,Santos,2024-10-25,Away,19:00,Liga MX,Apertura 2024 Regular Season,Fri,D,0.0,0.0,1.0,1.7,47.0,6096.0,Hugo González Durán,4-2-3-1,4-2-3-1,Jorge Camacho,Match Report,,14.0,3.0,16.6,0.0,0.0,0.0,2024.0
277,Mazatlan,América,2024-11-01,Home,20:00,Liga MX,Apertura 2024 Regular Season,Fri,L,0.0,5.0,0.4,3.0,42.0,6391.0,Hugo González Durán,4-4-2,4-2-3-1,Adonai Escobedo,Match Report,,10.0,4.0,20.2,1.0,0.0,0.0,2024.0
278,Mazatlan,León,2024-11-05,Away,19:00,Liga MX,Apertura 2024 Regular Season,Tue,D,0.0,0.0,1.8,2.2,41.0,18928.0,Hugo González Durán,5-4-1,4-4-2,Fernando Hernández,Match Report,,15.0,0.0,17.8,1.0,0.0,0.0,2024.0
279,Mazatlan,UNAM,2024-11-08,Home,20:00,Liga MX,Apertura 2024 Regular Season,Fri,L,0.0,1.0,0.2,1.6,49.0,8592.0,Hugo González Durán,5-4-1,5-3-2,Erick Miranda,Match Report,,5.0,0.0,20.8,1.0,0.0,0.0,2024.0
280,Puebla,Santos,2024-07-05,Home,16:45,Liga MX,Apertura 2024 Regular Season,Fri,W,1.0,0.0,1.5,0.5,41.0,8331.0,Diego De Buen,4-1-4-1,4-2-3-1,,Match Report,,15.0,4.0,19.5,0.0,1.0,1.0,2024.0
281,Puebla,Necaxa,2024-07-13,Away,17:00,Liga MX,Apertura 2024 Regular Season,Sat,L,1.0,4.0,0.9,2.4,54.0,13540.0,Diego De Buen,4-1-4-1,4-2-3-1,Abraham Quirarte,Match Report,,17.0,5.0,17.7,1.0,0.0,0.0,2024.0
282,Puebla,León,2024-07-16,Home,21:00,Liga MX,Apertura 2024 Regular Season,Tue,D,2.0,2.0,2.7,0.7,39.0,7883.0,Diego De Buen,4-1-4-1,3-1-4-2,Marco Antonio Ortíz,Match Report,,21.0,7.0,20.9,0.0,1.0,1.0,2024.0
283,Puebla,Atlas,2024-07-19,Home,21:05,Liga MX,Apertura 2024 Regular Season,Fri,L,1.0,2.0,0.8,0.8,56.0,10847.0,Diego De Buen,4-1-4-1,4-2-3-1,Iván López,Match Report,,15.0,2.0,24.4,1.0,0.0,0.0,2024.0
284,Puebla,Monterrey,2024-08-16,Home,19:00,Liga MX,Apertura 2024 Regular Season,Fri,L,1.0,2.0,1.0,1.4,29.0,9000.0,Diego De Buen,5-4-1,4-2-3-1,Salvador Pérez Villalobos,Match Report,,14.0,6.0,18.5,0.0,0.0,0.0,2024.0
285,Puebla,América,2024-08-24,Away,21:05,Liga MX,Apertura 2024 Regular Season,Sat,W,1.0,0.0,0.6,1.7,30.0,11978.0,Diego De Buen,5-4-1,4-2-3-1,Luis Enrique Santander,Match Report,,11.0,2.0,21.2,0.0,0.0,0.0,2024.0
286,Puebla,Mazatlán,2024-08-30,Away,19:00,Liga MX,Apertura 2024 Regular Season,Fri,D,1.0,1.0,0.3,2.1,32.0,8357.0,Diego De Buen,5-4-1,3-4-3,Ismael Lopez,Match Report,,3.0,3.0,24.2,0.0,0.0,0.0,2024.0
287,Puebla,Querétaro,2024-09-13,Home,18:00,Liga MX,Apertura 2024 Regular Season,Fri,W,2.0,1.0,1.6,0.6,49.0,8266.0,Diego De Buen,4-4-2,4-2-3-1,Vicente Arce,Match Report,,16.0,6.0,26.7,2.0,1.0,1.0,2024.0
288,Puebla,UNAM,2024-09-17,Away,21:05,Liga MX,Apertura 2024 Regular Season,Tue,L,0.0,1.0,0.3,2.1,28.0,7606.0,Diego De Buen,4-2-3-1,3-4-3,Iván López,Match Report,,6.0,4.0,27.2,0.0,0.0,0.0,2024.0
289,Puebla,Pachuca,2024-09-20,Home,19:00,Liga MX,Apertura 2024 Regular Season,Fri,L,2.0,3.0,1.5,1.2,39.0,7676.0,Diego De Buen,4-2-3-1,4-2-3-1,Maximiliano Quintero,Match Report,,9.0,4.0,19.4,0.0,0.0,0.0,2024.0
290,Puebla,FC Juárez,2024-09-27,Home,18:00,Liga MX,Apertura 2024 Regular Season,Fri,L,2.0,3.0,3.2,1.2,51.0,5147.0,Diego De Buen,4-2-3-1,4-4-2,Oscar Mejia,Match Report,,19.0,5.0,17.8,0.0,1.0,1.0,2024.0
291,Puebla,UANL,2024-10-05,Away,17:00,Liga MX,Apertura 2024 Regular Season,Sat,L,0.0,1.0,0.6,0.7,39.0,26270.0,Diego De Buen,5-3-2,4-2-3-1,Vicente Arce,Match Report,,12.0,2.0,24.5,0.0,0.0,0.0,2024.0
292,Puebla,Cruz Azul,2024-10-18,Home,21:05,Liga MX,Apertura 2024 Regular Season,Fri,L,1.0,2.0,0.4,2.4,38.0,34978.0,Diego De Buen,5-3-2,3-1-4-2,Charles Terrazas,Match Report,,8.0,3.0,29.8,0.0,0.0,0.0,2024.0
293,Puebla,Toluca,2024-10-22,Away,21:05,Liga MX,Apertura 2024 Regular Season,Tue,L,0.0,5.0,0.5,3.5,41.0,24521.0,Diego De Buen,3-5-2,3-4-3,Jorge Camacho,Match Report,,12.0,2.0,23.0,0.0,0.0,0.0,2024.0
294,Puebla,Guadalajara,2024-10-25,Home,21:00,Liga MX,Apertura 2024 Regular Season,Fri,W,1.0,0.0,1.3,1.2,31.0,32325.0,Diego De Buen,5-3-2,4-1-4-1,Ismael Lopez,Match Report,,11.0,3.0,14.0,0.0,0.0,0.0,2024.0
295,Puebla,Atlético,2024-11-02,Away,17:00,Liga MX,Apertura 2024 Regular Season,Sat,L,0.0,2.0,0.3,1.3,37.0,15768.0,Diego De Buen,5-3-2,3-5-1-1,Oscar Mejia,Match Report,,10.0,1.0,28.4,0.0,0.0,0.0,2024.0
296,Puebla,Tijuana,2024-11-10,Away,19:10,Liga MX,Apertura 2024 Regular Season,Sun,L,1.0,2.0,0.8,1.8,20.0,21333.0,Diego De Buen,5-4-1,3-4-3,Ismael Lopez,Match Report,,5.0,2.0,14.5,0.0,0.0,0.0,2024.0
297,Pachuca,Monterrey,2024-07-07,Home,19:06,Liga MX,Apertura 2024 Regular Season,Sun,L,0.0,1.0,0.9,1.7,56.0,18262.0,Gustavo Cabral,4-2-3-1,4-4-2,Ismael Lopez,Match Report,,17.0,3.0,19.8,0.0,0.0,0.0,2024.0
298,Pachuca,León,2024-07-13,Away,17:00,Liga MX,Apertura 2024 Regular Season,Sat,D,0.0,0.0,0.9,0.3,43.0,13279.0,Gustavo Cabral,4-2-3-1,4-2-3-1,,Match Report,,9.0,3.0,20.4,0.0,0.0,0.0,2024.0
299,Pachuca,Atlético,2024-07-16,Home,19:00,Liga MX,Apertura 2024 Regular Season,Tue,W,2.0,0.0,0.8,0.4,43.0,10215.0,Carlos Moreno,4-2-3-1,4-4-2,Víctor Cáceres,Match Report,,10.0,3.0,23.8,0.0,0.0,0.0,2024.0
300,Pachuca,UNAM,2024-07-21,Away,17:00,Liga MX,Apertura 2024 Regular Season,Sun,L,0.0,2.0,0.8,2.0,61.0,20854.0,Gustavo Cabral,4-2-3-1,4-2-3-1,Vicente Arce,Match Report,,12.0,2.0,17.8,0.0,0.0,0.0,2024.0
301,Pachuca,Mazatlán,2024-08-23,Away,19:00,Liga MX,Apertura 2024 Regular Season,Fri,L,0.0,3.0,0.4,3.1,37.0,9095.0,Gustavo Cabral,4-2-3-1,3-4-3,Marco Antonio Ortíz,Match Report,,5.0,3.0,20.1,0.0,0.0,0.0,2024.0
302,Pachuca,Querétaro,2024-08-31,Home,17:00,Liga MX,Apertura 2024 Regular Season,Sat,D,1.0,1.0,2.3,0.1,69.0,10841.0,Carlos Moreno,4-2-3-1,4-1-4-1,Iván López,Match Report,,21.0,5.0,23.1,0.0,0.0,1.0,2024.0
303,Pachuca,Atlas,2024-09-13,Away,19:00,Liga MX,Apertura 2024 Regular Season,Fri,L,0.0,2.0,0.3,1.1,44.0,12654.0,Carlos Moreno,4-2-3-1,4-2-3-1,Luis Enrique Santander,Match Report,,6.0,2.0,19.8,1.0,0.0,0.0,2024.0
304,Pachuca,Toluca,2024-09-17,Home,19:00,Liga MX,Apertura 2024 Regular Season,Tue,D,2.0,2.0,1.2,1.8,43.0,9635.0,Salomón Rondón,4-2-3-1,4-2-3-1,Jesus Lopez,Match Report,,12.0,6.0,19.9,0.0,0.0,0.0,2024.0
305,Pachuca,Puebla,2024-09-20,Away,19:00,Liga MX,Apertura 2024 Regular Season,Fri,W,3.0,2.0,1.2,1.5,61.0,7676.0,Gustavo Cabral,4-2-3-1,4-2-3-1,Maximiliano Quintero,Match Report,,18.0,4.0,23.4,0.0,0.0,0.0,2024.0
306,Pachuca,Cruz Azul,2024-09-28,Home,19:05,Liga MX,Apertura 2024 Regular Season,Sat,L,2.0,4.0,1.8,2.4,30.0,14462.0,Gustavo Cabral,4-1-4-1,3-1-4-2,Adonai Escobedo,Match Report,,12.0,5.0,20.6,0.0,0.0,0.0,2024.0
307,Pachuca,Tijuana,2024-10-04,Away,20:00,Liga MX,Apertura 2024 Regular Season,Fri,L,1.0,2.0,1.1,0.8,42.0,19333.0,Gustavo Cabral,4-2-3-1,4-2-3-1,Iván López,Match Report,,12.0,1.0,20.3,0.0,0.0,0.0,2024.0
308,Pachuca,Guadalajara,2024-10-19,Home,17:00,Liga MX,Apertura 2024 Regular Season,Sat,L,0.0,2.0,1.0,0.3,54.0,10868.0,Salomón Rondón,4-2-3-1,5-3-2,César Arturo Ramos,Match Report,,22.0,7.0,24.4,3.0,0.0,0.0,2024.0
309,Pachuca,Santos,2024-10-22,Away,19:00,Liga MX,Apertura 2024 Regular Season,Tue,D,1.0,1.0,1.8,1.1,47.0,6531.0,Carlos Moreno,4-2-3-1,4-2-3-1,Daniel Quintero,Match Report,,24.0,3.0,18.5,0.0,0.0,0.0,2024.0
310,Pachuca,UANL,2024-10-26,Away,21:00,Liga MX,Apertura 2024 Regular Season,Sat,L,1.0,2.0,1.1,0.8,52.0,35176.0,Salomón Rondón,4-2-3-1,4-2-3-1,Víctor Cáceres,Match Report,,14.0,4.0,19.2,0.0,0.0,0.0,2024.0
311,Pachuca,Necaxa,2024-11-02,Home,21:06,Liga MX,Apertura 2024 Regular Season,Sat,W,6.0,2.0,2.9,0.7,53.0,5541.0,Salomón Rondón,4-2-3-1,4-2-3-1,Ismael Lopez,Match Report,,18.0,10.0,15.1,0.0,0.0,0.0,2024.0
312,Pachuca,América,2024-11-06,Away,19:00,Liga MX,Apertura 2024 Regular Season,Wed,L,1.0,2.0,0.8,0.5,52.0,40814.0,Salomón Rondón,4-2-3-1,4-2-3-1,Fernando Guerrero,Match Report,,11.0,4.0,21.5,1.0,0.0,0.0,2024.0
313,Pachuca,FC Juárez,2024-11-09,Home,19:00,Liga MX,Apertura 2024 Regular Season,Sat,L,0.0,1.0,0.6,0.6,56.0,5879.0,Salomón Rondón,4-2-3-1,4-2-3-1,Jorge Camacho,Match Report,,13.0,5.0,16.5,0.0,0.0,0.0,2024.0
314,Queretaro,Tijuana,2024-07-05,Home,19:00,Liga MX,Apertura 2024 Regular Season,Fri,L,1.0,2.0,0.8,2.1,38.0,9237.0,Kevin Escamilla,4-4-2,4-2-3-1,,Match Report,,9.0,5.0,17.5,1.0,0.0,0.0,2024.0
315,Queretaro,América,2024-07-12,Away,19:00,Liga MX,Apertura 2024 Regular Season,Fri,L,1.0,3.0,0.5,2.2,41.0,9997.0,Kevin Escamilla,5-4-1,4-4-2,,Match Report,,9.0,1.0,18.4,0.0,0.0,0.0,2024.0
316,Queretaro,Guadalajara,2024-07-16,Home,19:00,Liga MX,Apertura 2024 Regular Season,Tue,L,0.0,2.0,0.6,2.2,43.0,28891.0,Kevin Escamilla,5-4-1,4-2-3-1,Fernando Hernández,Match Report,,15.0,3.0,23.0,0.0,0.0,0.0,2024.0
317,Queretaro,Monterrey,2024-07-20,Away,19:00,Liga MX,Apertura 2024 Regular Season,Sat,L,1.0,2.0,1.0,2.4,35.0,39932.0,Pablo Barrera,5-4-1,4-2-3-1,Víctor Cáceres,Match Report,,6.0,3.0,23.0,0.0,0.0,0.0,2024.0
318,Queretaro,Atlético,2024-08-18,Away,20:00,Liga MX,Apertura 2024 Regular Season,Sun,L,0.0,4.0,0.3,3.3,49.0,11214.0,Kevin Escamilla,4-4-2,4-2-3-1,Jesus Lopez,Match Report,,10.0,1.0,31.5,0.0,0.0,0.0,2024.0
319,Queretaro,Cruz Azul,2024-08-23,Home,19:00,Liga MX,Apertura 2024 Regular Season,Fri,L,0.0,2.0,0.3,2.0,37.0,27884.0,Jaime Gómez Valencia,3-5-2,3-1-4-2,Guillermo Pacheco,Match Report,,4.0,3.0,16.5,0.0,0.0,0.0,2024.0
320,Queretaro,Pachuca,2024-08-31,Away,17:00,Liga MX,Apertura 2024 Regular Season,Sat,D,1.0,1.0,0.1,2.3,31.0,10841.0,Pablo Barrera,4-1-4-1,4-2-3-1,Iván López,Match Report,,5.0,1.0,23.4,0.0,0.0,0.0,2024.0
321,Queretaro,Puebla,2024-09-13,Away,18:00,Liga MX,Apertura 2024 Regular Season,Fri,L,1.0,2.0,0.6,1.6,51.0,8266.0,Pablo Barrera,4-2-3-1,4-4-2,Vicente Arce,Match Report,,11.0,2.0,17.3,0.0,0.0,0.0,2024.0
322,Queretaro,UANL,2024-09-17,Home,21:00,Liga MX,Apertura 2024 Regular Season,Tue,W,1.0,0.0,1.5,1.6,25.0,11571.0,Kevin Escamilla,4-1-4-1,4-2-3-1,Fernando Guerrero,Match Report,,8.0,2.0,14.3,0.0,0.0,0.0,2024.0
323,Queretaro,Atlas,2024-09-20,Away,19:00,Liga MX,Apertura 2024 Regular Season,Fri,W,1.0,0.0,1.0,1.0,30.0,10038.0,Kevin Escamilla,4-1-4-1,4-2-3-1,Jesus Lopez,Match Report,,10.0,3.0,16.5,1.0,0.0,0.0,2024.0
324,Queretaro,Necaxa,2024-09-27,Home,19:00,Liga MX,Apertura 2024 Regular Season,Fri,D,0.0,0.0,0.5,1.3,57.0,7844.0,Kevin Escamilla,4-1-4-1,4-2-3-1,Jorge Camacho,Match Report,,13.0,4.0,21.5,1.0,0.0,0.0,2024.0
325,Queretaro,Mazatlán,2024-10-04,Away,19:00,Liga MX,Apertura 2024 Regular Season,Fri,D,2.0,2.0,2.1,1.4,55.0,7773.0,Kevin Escamilla,4-2-3-1,3-5-2,Oscar Mejia,Match Report,,21.0,10.0,17.8,0.0,0.0,0.0,2024.0
326,Queretaro,Toluca,2024-10-18,Home,19:00,Liga MX,Apertura 2024 Regular Season,Fri,L,0.0,1.0,0.9,1.9,39.0,13046.0,Kevin Escamilla,4-1-4-1,4-2-3-1,Maximiliano Quintero,Match Report,,14.0,3.0,16.4,0.0,0.0,0.0,2024.0
327,Queretaro,León,2024-10-26,Away,17:00,Liga MX,Apertura 2024 Regular Season,Sat,L,0.0,4.0,0.7,0.7,49.0,18763.0,Kevin Escamilla,4-1-4-1,4-4-2,Adonai Escobedo,Match Report,,10.0,3.0,15.2,0.0,0.0,0.0,2024.0
328,Queretaro,FC Juárez,2024-11-01,Home,19:00,Liga MX,Apertura 2024 Regular Season,Fri,L,1.0,2.0,0.9,0.6,63.0,6391.0,Federico Lértora,4-1-4-1,4-2-3-1,César Arturo Ramos,Match Report,,18.0,6.0,18.1,1.0,0.0,0.0,2024.0
329,Queretaro,UNAM,2024-11-05,Away,21:05,Liga MX,Apertura 2024 Regular Season,Tue,L,0.0,2.0,0.1,1.8,29.0,12363.0,Pablo Barrera,5-3-2,5-3-2,Daniel Quintero,Match Report,,2.0,0.0,21.7,0.0,0.0,0.0,2024.0
330,Queretaro,Santos,2024-11-08,Home,19:00,Liga MX,Apertura 2024 Regular Season,Fri,W,3.0,2.0,2.4,0.6,38.0,7046.0,Kevin Escamilla,4-1-3-2,4-4-2,Óscar Macias,Match Report,,15.0,4.0,17.0,2.0,0.0,0.0,2024.0
331,Santos Laguna,Puebla,2024-07-05,Away,16:45,Liga MX,Apertura 2024 Regular Season,Fri,L,0.0,1.0,0.5,1.5,59.0,8331.0,Bruno Amione,4-2-3-1,4-1-4-1,,Match Report,,6.0,2.0,23.8,1.0,0.0,0.0,2024.0
332,Santos Laguna,UNAM,2024-07-13,Home,19:25,Liga MX,Apertura 2024 Regular Season,Sat,D,1.0,1.0,1.1,2.4,49.0,11097.0,Carlos Acevedo,4-2-3-1,4-2-3-1,Charles Terrazas,Match Report,,8.0,1.0,21.3,0.0,1.0,1.0,2024.0
333,Santos Laguna,Atlas,2024-07-16,Away,19:00,Liga MX,Apertura 2024 Regular Season,Tue,L,0.0,1.0,0.1,2.0,50.0,12331.0,Carlos Acevedo,4-2-3-1,4-2-3-1,Luis Enrique Santander,Match Report,,2.0,0.0,31.3,1.0,0.0,0.0,2024.0
334,Santos Laguna,UANL,2024-07-20,Home,19:00,Liga MX,Apertura 2024 Regular Season,Sat,L,0.0,3.0,0.8,2.0,40.0,12537.0,Carlos Acevedo,4-2-3-1,4-2-3-1,Marco Antonio Ortíz,Match Report,,14.0,6.0,20.6,2.0,0.0,0.0,2024.0
335,Santos Laguna,Tijuana,2024-08-18,Away,17:05,Liga MX,Apertura 2024 Regular Season,Sun,L,1.0,3.0,1.4,2.4,30.0,18633.0,Carlos Acevedo,4-2-3-1,4-1-4-1,Maximiliano Quintero,Match Report,,7.0,2.0,16.5,2.0,0.0,0.0,2024.0
336,Santos Laguna,León,2024-08-24,Away,19:00,Liga MX,Apertura 2024 Regular Season,Sat,D,1.0,1.0,0.8,2.4,40.0,18129.0,Carlos Acevedo,4-4-2,4-2-3-1,Adonai Escobedo,Match Report,,10.0,5.0,21.9,1.0,0.0,0.0,2024.0
337,Santos Laguna,Necaxa,2024-09-01,Home,19:05,Liga MX,Apertura 2024 Regular Season,Sun,W,3.0,2.0,1.6,3.3,66.0,8361.0,Carlos Acevedo,4-4-2,4-2-3-1,Guillermo Pacheco,Match Report,,19.0,7.0,21.4,1.0,0.0,0.0,2024.0
338,Santos Laguna,Monterrey,2024-09-14,Home,21:00,Liga MX,Apertura 2024 Regular Season,Sat,L,0.0,2.0,1.7,2.4,46.0,11241.0,Carlos Acevedo,4-2-3-1,4-3-1-2,Erick Miranda,Match Report,,16.0,5.0,18.4,4.0,0.0,0.0,2024.0
339,Santos Laguna,Toluca,2024-09-22,Home,19:05,Liga MX,Apertura 2024 Regular Season,Sun,W,2.0,0.0,1.4,0.9,37.0,9074.0,Carlos Acevedo,4-2-3-1,4-2-3-1,Iván López,Match Report,,7.0,4.0,19.4,2.0,0.0,0.0,2024.0
340,Santos Laguna,Atlético,2024-09-28,Away,21:10,Liga MX,Apertura 2024 Regular Season,Sat,L,1.0,3.0,1.0,1.6,42.0,13800.0,Carlos Acevedo,4-2-3-1,4-4-2,Maximiliano Quintero,Match Report,,8.0,5.0,17.6,1.0,0.0,0.0,2024.0
341,Santos Laguna,FC Juárez,2024-10-06,Home,20:05,Liga MX,Apertura 2024 Regular Season,Sun,L,0.0,2.0,0.9,1.5,57.0,7341.0,Carlos Acevedo,4-2-3-1,4-4-1-1,Ismael Lopez,Match Report,,12.0,4.0,17.6,0.0,0.0,0.0,2024.0
342,Santos Laguna,América,2024-10-19,Away,19:05,Liga MX,Apertura 2024 Regular Season,Sat,L,0.0,3.0,0.2,2.8,29.0,24110.0,Carlos Acevedo,4-1-3-2,3-4-3,Jesus Lopez,Match Report,,5.0,3.0,16.4,0.0,0.0,0.0,2024.0
343,Santos Laguna,Pachuca,2024-10-22,Home,19:00,Liga MX,Apertura 2024 Regular Season,Tue,D,1.0,1.0,1.1,1.8,53.0,6531.0,Carlos Acevedo,4-2-3-1,4-2-3-1,Daniel Quintero,Match Report,,9.0,5.0,21.1,1.0,0.0,0.0,2024.0
344,Santos Laguna,Mazatlán,2024-10-25,Home,19:00,Liga MX,Apertura 2024 Regular Season,Fri,D,0.0,0.0,1.7,1.0,53.0,6096.0,Carlos Acevedo,4-2-3-1,4-2-3-1,Jorge Camacho,Match Report,,16.0,1.0,19.5,1.0,0.0,0.0,2024.0
345,Santos Laguna,Cruz Azul,2024-11-02,Away,21:10,Liga MX,Apertura 2024 Regular Season,Sat,L,0.0,2.0,0.3,2.1,40.0,24271.0,Carlos Acevedo,4-2-3-1,3-4-3,Karen Hernández,Match Report,,5.0,0.0,18.8,1.0,0.0,0.0,2024.0
346,Santos Laguna,Guadalajara,2024-11-05,Home,19:00,Liga MX,Apertura 2024 Regular Season,Tue,L,0.0,2.0,0.9,1.0,60.0,12507.0,Carlos Acevedo,4-4-2,4-4-2,Iván López,Match Report,,16.0,6.0,19.1,1.0,0.0,0.0,2024.0
347,Santos Laguna,Querétaro,2024-11-08,Away,19:00,Liga MX,Apertura 2024 Regular Season,Fri,L,2.0,3.0,0.6,2.4,62.0,7046.0,Carlos Acevedo,4-4-2,4-1-3-2,Óscar Macias,Match Report,,13.0,3.0,22.1,3.0,0.0,0.0,2024.0
348,America,FC Juárez,2023-06-30,Home,20:00,Liga MX,Apertura 2023 Regular Season,Fri,L,1,2,0.9,0.7,61.0,13391.0,Miguel Layún,4-2-3-1,4-4-1-1,Ismael Lopez,Match Report,,14.0,3.0,21.8,2.0,0.0,0.0,2023.0
349,America,Puebla,2023-07-15,Home,20:00,Liga MX,Apertura 2023 Regular Season,Sat,W,3,0,3.6,0.9,60.0,32294.0,Miguel Layún,4-2-3-1,4-1-3-2,Víctor Cáceres,Match Report,,21.0,8.0,13.9,1.0,0.0,0.0,2023.0
350,America,Atlas,2023-08-20,Home,22:10,Liga MX,Apertura 2023 Regular Season,Sun,D,1,1,1.8,0.9,64.0,17046.0,Diego Valdés,4-2-3-1,4-3-3,Adonai Escobedo,Match Report,,13.0,4.0,12.0,1.0,0.0,0.0,2023.0
351,America,Necaxa,2023-08-23,Home,20:00,Liga MX,Apertura 2023 Regular Season,Wed,W,3,2,2.4,0.6,70.0,19085.0,Álvaro Fidalgo,4-2-3-1,5-4-1,Marco Ortíz,Match Report,,20.0,10.0,14.5,0.0,0.0,0.0,2023.0
352,America,León,2023-08-26,Home,20:00,Liga MX,Apertura 2023 Regular Season,Sat,D,1,1,1.6,0.7,54.0,30701.0,Jonathan dos Santos,4-2-3-1,3-4-3,Óscar Macias,Match Report,,9.0,2.0,18.8,0.0,1.0,1.0,2023.0
353,America,Cruz Azul,2023-09-02,Away,22:10,Liga MX,Apertura 2023 Regular Season,Sat,W,3,2,0.6,1.2,48.0,36500.0,Jonathan dos Santos,4-2-3-1,3-4-3,Daniel Quintero,Match Report,,7.0,3.0,20.4,0.0,0.0,0.0,2023.0
354,America,Guadalajara,2023-09-16,Home,22:10,Liga MX,Apertura 2023 Regular Season,Sat,W,4,0,1.3,0.4,53.0,62514.0,Jonathan dos Santos,4-2-3-1,4-3-3,Fernando Guerrero,Match Report,,14.0,6.0,16.1,0.0,0.0,0.0,2023.0
355,America,Querétaro,2023-09-20,Away,21:06,Liga MX,Apertura 2023 Regular Season,Wed,W,2,1,1.0,0.8,67.0,31296.0,Diego Valdés,4-2-3-1,4-4-2,Diego Montaño,Match Report,,16.0,6.0,22.1,3.0,0.0,0.0,2023.0
356,America,Toluca,2023-09-24,Away,13:00,Liga MX,Apertura 2023 Regular Season,Sun,D,1,1,2.0,1.5,51.0,27273.0,Jonathan dos Santos,4-2-3-1,4-4-2,Adonai Escobedo,Match Report,,15.0,4.0,16.7,0.0,0.0,0.0,2023.0
357,America,UNAM,2023-09-30,Home,19:40,Liga MX,Apertura 2023 Regular Season,Sat,W,1,0,1.9,0.6,49.0,62707.0,Henry Martín,4-4-2,4-2-3-1,Víctor Cáceres,Match Report,,12.0,5.0,17.8,1.0,0.0,1.0,2023.0
358,America,Pachuca,2023-10-03,Home,22:00,Liga MX,Apertura 2023 Regular Season,Tue,W,4,0,2.9,0.7,62.0,30479.0,Henry Martín,4-2-3-1,5-3-2,Marco Antonio Ortíz,Match Report,,15.0,11.0,14.5,1.0,0.0,0.0,2023.0
359,America,Mazatlán,2023-10-06,Away,21:00,Liga MX,Apertura 2023 Regular Season,Fri,W,2,1,2.3,0.5,60.0,18000.0,Diego Valdés,4-2-3-1,4-2-3-1,Oscar Mejia,Match Report,,17.0,8.0,15.4,0.0,0.0,0.0,2023.0
360,America,Santos,2023-10-21,Home,20:00,Liga MX,Apertura 2023 Regular Season,Sat,W,4,3,3.1,0.9,60.0,39968.0,Henry Martín,4-2-3-1,4-5-1,César Arturo Ramos,Match Report,,20.0,12.0,18.1,2.0,1.0,1.0,2023.0
361,America,Monterrey,2023-10-28,Away,22:10,Liga MX,Apertura 2023 Regular Season,Sat,W,3,0,1.0,0.7,61.0,47177.0,Henry Martín,4-2-3-1,4-3-3,Adonai Escobedo,Match Report,,11.0,3.0,19.3,0.0,0.0,0.0,2023.0
362,America,Atlético,2023-11-01,Away,21:00,Liga MX,Apertura 2023 Regular Season,Wed,W,1,0,1.1,0.8,47.0,22584.0,Henry Martín,4-3-3,4-2-3-1,Edgar Morales,Match Report,,8.0,2.0,13.5,0.0,0.0,0.0,2023.0
363,America,Tijuana,2023-11-04,Home,19:00,Liga MX,Apertura 2023 Regular Season,Sat,W,3,0,3.4,0.2,47.0,46046.0,Henry Martín,4-4-2,4-3-3,Oscar Mejia,Match Report,,19.0,8.0,14.3,0.0,0.0,0.0,2023.0
364,America,UANL,2023-11-11,Away,21:10,Liga MX,Apertura 2023 Regular Season,Sat,D,0,0,1.0,0.7,46.0,36783.0,Henry Martín,4-2-3-1,4-2-3-1,Diego Montaño,Match Report,,7.0,3.0,14.3,0.0,0.0,0.0,2023.0
365,America,León,2023-11-29,Away,19:06,Liga MX,Apertura — Quarter-finals,Wed,D,2,2,2.2,1.3,59.0,25823.0,Henry Martín,4-2-3-1,3-4-3,Marco Antonio Ortíz,Match Report,Leg 1 of 2,15.0,6.0,17.3,0.0,0.0,0.0,2023.0
366,America,León,2023-12-02,Home,19:00,Liga MX,Apertura — Quarter-finals,Sat,W,2,0,2.3,0.3,51.0,65000.0,Henry Martín,4-2-3-1,5-3-2,Fernando Guerrero,Match Report,Leg 2 of 2; América won,15.0,3.0,24.7,0.0,1.0,1.0,2023.0
367,America,Atlético,2023-12-06,Away,21:00,Liga MX,Apertura — Semi-finals,Wed,W,5,0,2.7,1.0,50.0,22589.0,Henry Martín,4-4-2,4-2-3-1,Adonai Escobedo,Match Report,Leg 1 of 2,15.0,9.0,15.2,0.0,0.0,0.0,2023.0
368,America,Atlético,2023-12-09,Home,20:00,Liga MX,Apertura — Semi-finals,Sat,L,0,2,0.2,2.0,46.0,57964.0,Henry Martín,4-4-2,4-4-2,César Arturo Ramos,Match Report,Leg 2 of 2; América won,4.0,1.0,18.7,0.0,0.0,0.0,2023.0
369,America,UANL,2023-12-14,Away,21:00,Liga MX,Apertura — Finals,Thu,D,1,1,1.7,0.6,46.0,41615.0,Henry Martín,4-4-2,4-2-3-1,Marco Antonio Ortíz,Match Report,Leg 1 of 2,11.0,1.0,25.3,1.0,1.0,1.0,2023.0
370,America,UANL,2023-12-17,Home,19:30,Liga MX,Apertura — Finals,Sun,W,3,0,2.1,0.7,60.0,74957.0,Henry Martín,4-2-3-1,4-1-4-1,Adonai Escobedo,Match Report,Leg 2 of 2; América won; Required Extra Time,18.0,7.0,17.8,1.0,0.0,0.0,2023.0
371,America,Tijuana,2024-01-13,Away,19:00,Liga MX,Clausura 2024 Regular Season,Sat,W,2,0,0.4,2.2,37.0,31133.0,Israel Reyes,5-3-2,4-1-4-1,Edgar Morales,Match Report,,6.0,4.0,16.9,0.0,0.0,0.0,2023.0
372,America,Querétaro,2024-01-20,Home,19:05,Liga MX,Clausura 2024 Regular Season,Sat,W,2,0,2.3,0.2,72.0,31564.0,Henry Martín,4-2-3-1,4-4-2,Maximiliano Quintero,Match Report,,15.0,6.0,19.3,1.0,0.0,0.0,2023.0
373,America,FC Juárez,2024-01-24,Away,20:06,Liga MX,Clausura 2024 Regular Season,Wed,W,2,0,2.2,1.3,64.0,17418.0,Álvaro Fidalgo,4-2-3-1,4-4-2,Luis Enrique Santander,Match Report,,15.0,6.0,15.4,0.0,0.0,0.0,2023.0
374,America,Necaxa,2024-01-27,Away,21:05,Liga MX,Clausura 2024 Regular Season,Sat,D,0,0,0.6,0.6,69.0,20837.0,Henry Martín,4-3-3,4-4-2,Diego Montaño,Match Report,,11.0,1.0,12.9,0.0,0.0,0.0,2023.0
375,America,Monterrey,2024-02-03,Home,21:10,Liga MX,Clausura 2024 Regular Season,Sat,D,1,1,1.2,0.7,50.0,41158.0,Jonathan dos Santos,4-2-3-1,4-2-3-1,César Arturo Ramos,Match Report,,7.0,3.0,12.6,0.0,0.0,0.0,2023.0
376,America,León,2024-02-10,Away,19:00,Liga MX,Clausura 2024 Regular Season,Sat,W,1,0,2.5,1.1,59.0,23304.0,Jonathan dos Santos,4-2-3-1,4-4-2,Marco Antonio Ortíz,Match Report,,19.0,5.0,18.5,1.0,1.0,1.0,2023.0
377,America,Pachuca,2024-02-17,Away,19:00,Liga MX,Clausura 2024 Regular Season,Sat,L,1,2,1.2,1.9,60.0,18143.0,Jonathan dos Santos,4-3-3,4-2-3-1,Víctor Cáceres,Match Report,,9.0,3.0,17.7,0.0,0.0,0.0,2023.0
378,America,Mazatlán,2024-02-21,Home,21:00,Liga MX,Clausura 2024 Regular Season,Wed,D,2,2,2.4,1.5,57.0,18199.0,Henry Martín,4-2-3-1,4-2-3-1,Ismael Lopez,Match Report,,16.0,4.0,13.2,0.0,0.0,0.0,2023.0
379,America,Cruz Azul,2024-02-24,Home,21:10,Liga MX,Clausura 2024 Regular Season,Sat,W,1,0,0.9,0.7,29.0,59032.0,Henry Martín,4-2-3-1,3-4-3,Oscar Mejia,Match Report,,7.0,4.0,26.2,0.0,0.0,0.0,2023.0
380,America,Atlas,2024-03-02,Away,21:10,Liga MX,Clausura 2024 Regular Season,Sat,W,5,1,4.9,1.0,60.0,40694.0,Henry Martín,4-2-3-1,4-2-3-1,Fernando Guerrero,Match Report,,23.0,9.0,14.4,1.0,1.0,2.0,2023.0
381,America,UANL,2024-03-09,Home,21:00,Liga MX,Clausura 2024 Regular Season,Sat,W,2,0,1.0,1.8,42.0,45063.0,Richard Sánchez,4-2-3-1,4-2-3-1,Víctor Cáceres,Match Report,,11.0,3.0,20.8,0.0,0.0,0.0,2023.0
382,America,Guadalajara,2024-03-16,Away,21:05,Liga MX,Clausura 2024 Regular Season,Sat,D,0,0,1.0,0.6,62.0,42650.0,Henry Martín,4-2-3-1,4-2-3-1,Fernando Hernández,Match Report,,17.0,9.0,19.9,1.0,0.0,0.0,2023.0
383,America,Atlético,2024-03-29,Home,20:00,Liga MX,Clausura 2024 Regular Season,Fri,W,2,1,0.9,1.9,55.0,34476.0,Henry Martín,4-4-2,4-1-4-1,Jesus Lopez,Match Report,,12.0,5.0,20.5,0.0,0.0,0.0,2023.0
384,America,Santos,2024-04-06,Away,21:05,Liga MX,Clausura 2024 Regular Season,Sat,D,1,1,1.9,0.9,54.0,28596.0,Henry Martín,4-2-3-1,3-4-3,Luis Enrique Santander,Match Report,,20.0,6.0,17.7,0.0,0.0,0.0,2023.0
385,America,Toluca,2024-04-13,Home,20:05,Liga MX,Clausura 2024 Regular Season,Sat,W,5,1,4.8,1.1,43.0,65644.0,Henry Martín,4-2-3-1,4-2-3-1,Adonai Escobedo,Match Report,,14.0,9.0,11.6,0.0,0.0,0.0,2023.0
386,America,UNAM,2024-04-20,Away,22:10,Liga MX,Clausura 2024 Regular Season,Sat,L,1,2,1.4,0.6,60.0,44670.0,Henry Martín,4-4-2,4-1-4-1,Fernando Guerrero,Match Report,,11.0,1.0,20.7,0.0,1.0,1.0,2023.0
387,America,Puebla,2024-04-26,Away,20:00,Liga MX,Clausura 2024 Regular Season,Fri,W,2,1,0.9,0.4,46.0,42320.0,Álvaro Fidalgo,4-2-3-1,5-3-2,Guillermo Pacheco,Match Report,,13.0,3.0,19.7,1.0,0.0,0.0,2023.0
388,America,Pachuca,2024-05-08,Away,22:16,Liga MX,Clausura — Quarter-finals,Wed,D,1,1,0.6,1.4,52.0,18043.0,Henry Martín,4-2-3-1,4-2-3-1,Fernando Guerrero,Match Report,Leg 1 of 2,8.0,2.0,20.1,2.0,0.0,0.0,2023.0
389,America,Pachuca,2024-05-11,Home,19:00,Liga MX,Clausura — Quarter-finals,Sat,D,1,1,2.0,0.6,68.0,46570.0,Henry Martín,4-2-3-1,4-1-4-1,Víctor Cáceres,Match Report,Leg 2 of 2; América won,20.0,6.0,17.0,1.0,0.0,0.0,2023.0
390,America,Guadalajara,2024-05-15,Away,21:05,Liga MX,Clausura — Semi-finals,Wed,D,0,0,0.6,0.8,55.0,43628.0,Henry Martín,4-2-3-1,4-5-1,Oscar Mejia,Match Report,Leg 1 of 2,6.0,3.0,16.4,0.0,0.0,0.0,2023.0
391,America,Guadalajara,2024-05-18,Home,21:00,Liga MX,Clausura — Semi-finals,Sat,W,1,0,1.0,0.6,51.0,70187.0,Henry Martín,4-2-3-1,4-5-1,César Arturo Ramos,Match Report,Leg 2 of 2; América won,10.0,3.0,14.0,2.0,0.0,0.0,2023.0
392,America,Cruz Azul,2024-05-23,Away,21:00,Liga MX,Clausura — Finals,Thu,D,1,1,2.3,1.2,37.0,27224.0,Henry Martín,4-2-3-1,5-4-1,Fernando Hernández,Match Report,Leg 1 of 2,7.0,2.0,14.9,0.0,0.0,0.0,2023.0
393,America,Cruz Azul,2024-05-26,Home,20:00,Liga MX,Clausura — Finals,Sun,W,1,0,1.6,1.3,47.0,73604.0,Henry Martín,4-2-3-1,3-5-1-1,Marco Antonio Ortíz,Match Report,Leg 2 of 2; América won,10.0,4.0,26.1,1.0,1.0,1.0,2023.0
394,Monterrey,Atlético,2023-07-01,Away,18:00,Liga MX,Apertura 2023 Regular Season,Sat,D,1,1,1.8,3.3,46.0,14494.0,Celso Ortiz,4-4-2,4-2-3-1,Jorge Camacho,Match Report,,16.0,3.0,16.6,0.0,0.0,0.0,2023.0
395,Monterrey,Atlas,2023-07-09,Home,20:00,Liga MX,Apertura 2023 Regular Season,Sun,W,1,0,0.8,0.8,50.0,38156.0,Celso Ortiz,4-4-2,5-4-1,Edgar Morales,Match Report,,9.0,3.0,28.2,2.0,0.0,0.0,2023.0
396,Monterrey,Mazatlán,2023-07-14,Away,19:00,Liga MX,Apertura 2023 Regular Season,Fri,W,3,0,2.6,0.3,62.0,11462.0,Celso Ortiz,4-4-2,4-2-3-1,Brian Gonzalez,Match Report,,13.0,4.0,21.7,0.0,0.0,1.0,2023.0
397,Monterrey,Cruz Azul,2023-08-27,Home,21:05,Liga MX,Apertura 2023 Regular Season,Sun,L,1,2,1.4,1.3,54.0,42313.0,Héctor Moreno,4-2-3-1,3-4-3,César Arturo Ramos,Match Report,,14.0,3.0,17.8,0.0,0.0,0.0,2023.0
398,Monterrey,Toluca,2023-08-30,Away,20:00,Liga MX,Apertura 2023 Regular Season,Wed,L,0,1,1.2,0.5,50.0,22432.0,Stefan Medina,4-4-2,4-2-3-1,Diego Montaño,Match Report,,22.0,6.0,21.7,3.0,0.0,0.0,2023.0
399,Monterrey,Guadalajara,2023-09-03,Away,18:05,Liga MX,Apertura 2023 Regular Season,Sun,W,2,1,1.3,0.6,52.0,37738.0,Stefan Medina,4-4-2,4-2-3-1,Óscar Macias,Match Report,,7.0,2.0,16.4,0.0,1.0,1.0,2023.0
400,Monterrey,León,2023-09-16,Home,20:00,Liga MX,Apertura 2023 Regular Season,Sat,W,3,1,1.2,0.8,53.0,41807.0,Stefan Medina,4-4-2,3-4-3,Luis Enrique Santander,Match Report,,9.0,3.0,20.3,1.0,1.0,1.0,2023.0
401,Monterrey,UANL,2023-09-23,Away,22:05,Liga MX,Apertura 2023 Regular Season,Sat,L,0,3,1.0,1.6,53.0,41615.0,Stefan Medina,4-4-2,3-4-3,Marco Antonio Ortíz,Match Report,,10.0,4.0,16.9,0.0,0.0,0.0,2023.0
402,Monterrey,Puebla,2023-10-03,Away,20:00,Liga MX,Apertura 2023 Regular Season,Tue,D,1,1,2.2,0.6,57.0,10263.0,Héctor Moreno,4-4-2,4-4-2,Erick Miranda,Match Report,,26.0,8.0,18.7,0.0,0.0,0.0,2023.0
403,Monterrey,FC Juárez,2023-10-07,Home,18:00,Liga MX,Apertura 2023 Regular Season,Sat,W,3,1,2.0,1.5,58.0,34921.0,Héctor Moreno,4-1-4-1,5-3-2,Daniel Quintero,Match Report,,10.0,6.0,20.8,1.0,1.0,1.0,2023.0
404,Monterrey,UNAM,2023-10-22,Away,13:00,Liga MX,Apertura 2023 Regular Season,Sun,W,1,0,0.3,1.0,48.0,26885.0,Héctor Moreno,4-3-3,4-2-3-1,Ismael Lopez,Match Report,,6.0,1.0,22.9,1.0,0.0,0.0,2023.0
405,Monterrey,Tijuana,2023-10-25,Home,20:00,Liga MX,Apertura 2023 Regular Season,Wed,W,3,1,1.9,0.4,55.0,31921.0,Maximiliano Meza,4-3-3,5-3-2,Víctor Cáceres,Match Report,,13.0,5.0,17.0,0.0,0.0,0.0,2023.0
406,Monterrey,América,2023-10-28,Home,22:10,Liga MX,Apertura 2023 Regular Season,Sat,L,0,3,0.7,1.0,39.0,47177.0,Maximiliano Meza,4-3-3,4-2-3-1,Adonai Escobedo,Match Report,,10.0,1.0,17.9,0.0,0.0,0.0,2023.0
407,Monterrey,Necaxa,2023-10-31,Home,21:10,Liga MX,Apertura 2023 Regular Season,Tue,W,3,0,1.0,0.2,70.0,25292.0,Sebastián Vegas,4-2-3-1,4-1-4-1,Oscar Mejia,Match Report,,16.0,5.0,15.1,1.0,0.0,0.0,2023.0
408,Monterrey,Pachuca,2023-11-04,Away,21:00,Liga MX,Apertura 2023 Regular Season,Sat,W,2,0,0.5,1.3,46.0,19805.0,Maximiliano Meza,4-4-2,4-3-3,Daniel Quintero,Match Report,,8.0,3.0,20.4,0.0,0.0,0.0,2023.0
409,Monterrey,Santos,2023-11-08,Home,20:00,Liga MX,Apertura 2023 Regular Season,Wed,W,3,0,2.0,0.1,52.0,36678.0,Maximiliano Meza,4-1-4-1,4-3-3,Fernando Guerrero,Match Report,,15.0,5.0,17.0,0.0,0.0,0.0,2023.0
410,Monterrey,Querétaro,2023-11-11,Away,17:00,Liga MX,Apertura 2023 Regular Season,Sat,D,0,0,0.8,1.6,64.0,16717.0,Héctor Moreno,4-1-4-1,4-4-2,Víctor Cáceres,Match Report,,17.0,7.0,21.3,1.0,0.0,0.0,2023.0
411,Monterrey,Atlético,2023-11-29,Away,21:10,Liga MX,Apertura — Quarter-finals,Wed,L,0,1,0.6,1.1,45.0,17216.0,Maximiliano Meza,4-1-4-1,4-2-3-1,Daniel Quintero,Match Report,Leg 1 of 2,16.0,4.0,24.2,0.0,0.0,0.0,2023.0
412,Monterrey,Atlético,2023-12-02,Home,21:10,Liga MX,Apertura — Quarter-finals,Sat,D,1,1,2.0,0.7,60.0,36907.0,Héctor Moreno,4-4-2,4-2-3-1,Víctor Cáceres,Match Report,Leg 2 of 2; Atlético won,14.0,1.0,14.3,0.0,0.0,0.0,2023.0
413,Monterrey,Puebla,2024-01-13,Home,21:00,Liga MX,Clausura 2024 Regular Season,Sat,W,2,0,2.2,0.8,53.0,33233.0,Héctor Moreno,4-4-2,4-4-1-1,Guillermo Pacheco,Match Report,,20.0,6.0,14.1,0.0,0.0,0.0,2023.0
414,Monterrey,Santos,2024-01-21,Away,20:05,Liga MX,Clausura 2024 Regular Season,Sun,W,2,0,0.9,1.2,55.0,15177.0,Héctor Moreno,4-4-2,4-2-3-1,Edgar Morales,Match Report,,13.0,4.0,21.0,0.0,0.0,0.0,2023.0
415,Monterrey,Querétaro,2024-01-24,Home,19:00,Liga MX,Clausura 2024 Regular Season,Wed,D,1,1,1.9,0.8,64.0,32263.0,Héctor Moreno,4-4-2,4-5-1,Marco Antonio Ortíz,Match Report,,22.0,7.0,19.6,2.0,0.0,0.0,2023.0
416,Monterrey,Atlético,2024-01-27,Home,19:00,Liga MX,Clausura 2024 Regular Season,Sat,W,3,1,0.7,0.5,43.0,44386.0,Héctor Moreno,4-4-2,4-3-3,Jesus Lopez,Match Report,,12.0,4.0,22.4,0.0,0.0,0.0,2023.0
417,Monterrey,América,2024-02-03,Away,21:10,Liga MX,Clausura 2024 Regular Season,Sat,D,1,1,0.7,1.2,50.0,41158.0,Héctor Moreno,4-2-3-1,4-2-3-1,César Arturo Ramos,Match Report,,8.0,1.0,16.6,0.0,0.0,0.0,2023.0
418,Monterrey,Pachuca,2024-02-10,Home,21:10,Liga MX,Clausura 2024 Regular Season,Sat,W,3,2,2.3,0.7,63.0,46211.0,Víctor Guzmán,4-2-3-1,4-2-3-1,Fernando Hernández,Match Report,,12.0,4.0,16.3,0.0,0.0,0.0,2023.0
419,Monterrey,Toluca,2024-02-18,Home,20:10,Liga MX,Clausura 2024 Regular Season,Sun,D,0,0,1.7,0.2,58.0,46189.0,Héctor Moreno,4-2-3-1,4-2-3-1,Luis Enrique Santander,Match Report,,12.0,5.0,13.2,0.0,0.0,0.0,2023.0
420,Monterrey,FC Juárez,2024-02-23,Away,20:10,Liga MX,Clausura 2024 Regular Season,Fri,W,3,0,2.2,0.4,56.0,10979.0,Héctor Moreno,4-2-3-1,3-4-1-2,Marco Antonio Ortíz,Match Report,,19.0,6.0,16.0,0.0,0.0,0.0,2023.0
421,Monterrey,Tijuana,2024-02-28,Away,19:00,Liga MX,Clausura 2024 Regular Season,Wed,D,1,1,0.8,1.0,54.0,18333.0,Héctor Moreno,4-4-2,4-3-2-1,Oscar Mejia,Match Report,,9.0,1.0,18.4,0.0,0.0,0.0,2023.0
422,Monterrey,UNAM,2024-03-03,Home,19:00,Liga MX,Clausura 2024 Regular Season,Sun,W,3,0,2.6,0.4,60.0,47090.0,Héctor Moreno,4-4-2,4-2-3-1,Víctor Cáceres,Match Report,,23.0,6.0,17.9,1.0,0.0,0.0,2023.0
423,Monterrey,Mazatlán,2024-03-10,Home,19:00,Liga MX,Clausura 2024 Regular Season,Sun,W,2,1,1.4,2.1,54.0,42085.0,Stefan Medina,4-4-2,4-4-2,César Arturo Ramos,Match Report,,10.0,5.0,16.8,0.0,0.0,0.0,2023.0
424,Monterrey,Atlas,2024-03-17,Away,17:00,Liga MX,Clausura 2024 Regular Season,Sun,W,2,1,0.8,2.0,53.0,16458.0,Maximiliano Meza,4-1-4-1,4-3-1-2,Ismael Lopez,Match Report,,6.0,3.0,15.8,0.0,0.0,0.0,2023.0
425,Monterrey,Guadalajara,2024-03-30,Home,19:00,Liga MX,Clausura 2024 Regular Season,Sat,L,0,2,1.1,1.0,39.0,46165.0,Héctor Moreno,4-2-3-1,4-3-3,Adonai Escobedo,Match Report,,9.0,3.0,19.9,0.0,0.0,0.0,2023.0
426,Monterrey,Cruz Azul,2024-04-06,Away,21:05,Liga MX,Clausura 2024 Regular Season,Sat,L,1,2,0.1,0.9,45.0,13585.0,Sebastián Vegas,4-2-3-1,3-1-4-2,Marco Antonio Ortíz,Match Report,,3.0,1.0,30.4,0.0,0.0,0.0,2023.0
427,Monterrey,UANL,2024-04-13,Home,22:10,Liga MX,Clausura 2024 Regular Season,Sat,D,3,3,2.6,1.8,60.0,52579.0,Maximiliano Meza,4-4-2,4-2-3-1,César Arturo Ramos,Match Report,,24.0,8.0,19.2,0.0,0.0,0.0,2023.0
428,Monterrey,León,2024-04-20,Away,18:00,Liga MX,Clausura 2024 Regular Season,Sat,L,0,2,0.8,1.8,53.0,27032.0,Héctor Moreno,4-4-2,4-2-3-1,Víctor Cáceres,Match Report,,9.0,3.0,17.7,1.0,0.0,0.0,2023.0
429,Monterrey,Necaxa,2024-04-28,Away,19:00,Liga MX,Clausura 2024 Regular Season,Sun,W,5,2,1.5,1.2,64.0,19388.0,Maximiliano Meza,4-2-3-1,5-3-2,Jesus Lopez,Match Report,,8.0,6.0,18.1,0.0,0.0,0.0,2023.0
430,Monterrey,UANL,2024-05-09,Away,22:10,Liga MX,Clausura — Quarter-finals,Thu,W,2,1,2.4,1.6,38.0,41615.0,Héctor Moreno,4-3-3,4-1-4-1,Marco Antonio Ortíz,Match Report,Leg 1 of 2,12.0,4.0,12.6,1.0,0.0,0.0,2023.0
431,Monterrey,UANL,2024-05-12,Home,22:10,Liga MX,Clausura — Quarter-finals,Sun,D,1,1,1.4,0.6,50.0,51095.0,Héctor Moreno,4-4-2,3-2-4-1,Fernando Hernández,Match Report,Leg 2 of 2; Monterrey won,12.0,2.0,15.7,0.0,0.0,0.0,2023.0
432,Monterrey,Cruz Azul,2024-05-16,Home,22:00,Liga MX,Clausura — Semi-finals,Thu,L,0,1,0.7,0.6,59.0,51708.0,Maximiliano Meza,4-4-2,3-1-4-2,Daniel Quintero,Match Report,Leg 1 of 2,13.0,3.0,16.5,0.0,0.0,0.0,2023.0
433,Monterrey,Cruz Azul,2024-05-19,Away,19:00,Liga MX,Clausura — Semi-finals,Sun,W,2,1,2.5,1.7,68.0,28403.0,Maximiliano Meza,4-4-2,5-4-1,Fernando Guerrero,Match Report,Leg 2 of 2; Cruz Azul won,14.0,5.0,15.3,0.0,0.0,0.0,2023.0
434,UANL,Puebla,2023-07-01,Home,20:00,Liga MX,Apertura 2023 Regular Season,Sat,D,1,1,2.4,0.6,58.0,41615.0,Guido Pizarro,4-2-3-1,4-4-2,Óscar Macias,Match Report,,23.0,5.0,21.9,1.0,0.0,0.0,2023.0
435,UANL,FC Juárez,2023-07-08,Away,18:06,Liga MX,Apertura 2023 Regular Season,Sat,D,1,1,1.9,1.1,60.0,9663.0,Guido Pizarro,4-2-3-1,4-4-1-1,Jesus Lopez,Match Report,,17.0,5.0,17.0,0.0,0.0,0.0,2023.0
436,UANL,León,2023-07-15,Home,22:05,Liga MX,Apertura 2023 Regular Season,Sat,W,1,0,1.2,1.2,45.0,41615.0,Guido Pizarro,3-4-3,3-4-3,Ismael Lopez,Match Report,,12.0,6.0,17.4,1.0,0.0,0.0,2023.0
437,UANL,Necaxa,2023-08-20,Away,22:10,Liga MX,Apertura 2023 Regular Season,Sun,W,3,0,1.4,1.0,61.0,13585.0,Guido Pizarro,4-2-3-1,5-4-1,Guillermo Pacheco,Match Report,,9.0,6.0,18.5,0.0,0.0,0.0,2023.0
438,UANL,UNAM,2023-08-27,Away,19:05,Liga MX,Apertura 2023 Regular Season,Sun,L,1,2,0.4,1.8,62.0,17580.0,Guido Pizarro,4-2-3-1,4-4-2,Fernando Hernández,Match Report,,8.0,4.0,22.9,1.0,0.0,0.0,2023.0
439,UANL,Santos,2023-08-30,Home,22:00,Liga MX,Apertura 2023 Regular Season,Wed,W,3,2,2.3,1.7,57.0,39134.0,Guido Pizarro,4-2-3-1,4-2-3-1,Daniel Quintero,Match Report,,17.0,7.0,18.4,2.0,0.0,0.0,2023.0
440,UANL,Querétaro,2023-09-02,Home,20:05,Liga MX,Apertura 2023 Regular Season,Sat,W,5,0,3.5,0.5,60.0,40273.0,Nahuel Guzmán,4-2-3-1,4-2-3-1,Ismael Lopez,Match Report,,18.0,5.0,20.0,0.0,1.0,1.0,2023.0
441,UANL,Atlas,2023-09-17,Away,20:00,Liga MX,Apertura 2023 Regular Season,Sun,L,0,2,0.6,1.7,62.0,15413.0,Guido Pizarro,4-2-3-1,4-3-3,Adonai Escobedo,Match Report,,13.0,1.0,23.6,1.0,0.0,0.0,2023.0
442,UANL,Monterrey,2023-09-23,Home,22:05,Liga MX,Apertura 2023 Regular Season,Sat,W,3,0,1.6,1.0,47.0,41615.0,Guido Pizarro,3-4-3,4-4-2,Marco Antonio Ortíz,Match Report,,12.0,3.0,22.7,0.0,1.0,1.0,2023.0
443,UANL,Mazatlán,2023-09-30,Away,19:06,Liga MX,Apertura 2023 Regular Season,Sat,W,3,2,2.0,1.8,42.0,13503.0,Rafael Carioca,4-2-3-1,4-2-3-1,Jesus Lopez,Match Report,,13.0,8.0,14.3,0.0,0.0,0.0,2023.0
444,UANL,Toluca,2023-10-04,Home,22:00,Liga MX,Apertura 2023 Regular Season,Wed,D,2,2,0.8,1.1,57.0,37117.0,Guido Pizarro,4-2-3-1,4-2-3-1,César Arturo Ramos,Match Report,,14.0,7.0,23.5,0.0,0.0,0.0,2023.0
445,UANL,Pachuca,2023-10-07,Away,20:00,Liga MX,Apertura 2023 Regular Season,Sat,D,1,1,2.1,1.1,62.0,7483.0,Guido Pizarro,4-2-3-1,4-4-2,Ismael Lopez,Match Report,,11.0,5.0,17.1,0.0,1.0,1.0,2023.0
446,UANL,Cruz Azul,2023-10-21,Home,22:10,Liga MX,Apertura 2023 Regular Season,Sat,W,2,1,0.9,0.6,53.0,41615.0,Guido Pizarro,4-2-3-1,3-4-3,Edgar Morales,Match Report,,15.0,8.0,20.4,1.0,0.0,0.0,2023.0
447,UANL,Guadalajara,2023-10-28,Away,20:05,Liga MX,Apertura 2023 Regular Season,Sat,W,4,0,1.3,0.8,48.0,36801.0,Guido Pizarro,4-2-3-1,4-3-3,Fernando Hernández,Match Report,,11.0,5.0,19.2,0.0,0.0,0.0,2023.0
448,UANL,Tijuana,2023-11-01,Away,20:06,Liga MX,Apertura 2023 Regular Season,Wed,L,0,2,0.8,1.0,65.0,24533.0,Guido Pizarro,4-2-3-1,4-1-4-1,Marco Antonio Ortíz,Match Report,,11.0,1.0,19.1,0.0,0.0,0.0,2023.0
449,UANL,Atlético,2023-11-04,Home,16:55,Liga MX,Apertura 2023 Regular Season,Sat,D,2,2,1.9,0.8,56.0,39416.0,Guido Pizarro,4-2-3-1,4-2-3-1,Luis Enrique Santander,Match Report,,16.0,3.0,17.6,0.0,0.0,0.0,2023.0
450,UANL,América,2023-11-11,Home,21:10,Liga MX,Apertura 2023 Regular Season,Sat,D,0,0,0.7,1.0,54.0,36783.0,Guido Pizarro,4-2-3-1,4-2-3-1,Diego Montaño,Match Report,,10.0,2.0,13.9,0.0,0.0,0.0,2023.0
451,UANL,Puebla,2023-11-30,Away,19:00,Liga MX,Apertura — Quarter-finals,Thu,D,2,2,1.8,1.7,57.0,28984.0,Guido Pizarro,4-2-3-1,4-4-2,Oscar Mejia,Match Report,Leg 1 of 2,17.0,6.0,12.7,0.0,0.0,0.0,2023.0
452,UANL,Puebla,2023-12-03,Home,20:10,Liga MX,Apertura — Quarter-finals,Sun,W,3,0,1.9,0.5,46.0,39381.0,Guido Pizarro,4-2-3-1,4-4-1-1,Adonai Escobedo,Match Report,Leg 2 of 2; UANL won,11.0,6.0,22.2,2.0,1.0,1.0,2023.0
453,UANL,UNAM,2023-12-07,Away,21:00,Liga MX,Apertura — Semi-finals,Thu,W,1,0,0.6,0.5,61.0,44276.0,Guido Pizarro,4-2-3-1,4-2-3-1,Marco Antonio Ortíz,Match Report,Leg 1 of 2,13.0,3.0,20.8,0.0,0.0,0.0,2023.0
454,UANL,UNAM,2023-12-10,Home,20:00,Liga MX,Apertura — Semi-finals,Sun,D,1,1,0.6,1.6,53.0,41615.0,Guido Pizarro,4-2-3-1,4-2-3-1,Fernando Guerrero,Match Report,Leg 2 of 2; UANL won,10.0,2.0,17.1,0.0,0.0,0.0,2023.0
455,UANL,América,2023-12-14,Home,21:00,Liga MX,Apertura — Finals,Thu,D,1,1,0.6,1.7,54.0,41615.0,Guido Pizarro,4-2-3-1,4-4-2,Marco Antonio Ortíz,Match Report,Leg 1 of 2,10.0,5.0,17.6,1.0,0.0,0.0,2023.0
456,UANL,América,2023-12-17,Away,19:30,Liga MX,Apertura — Finals,Sun,L,0,3,0.7,2.1,40.0,74957.0,Guido Pizarro,4-1-4-1,4-2-3-1,Adonai Escobedo,Match Report,Leg 2 of 2; América won; Required Extra Time,9.0,3.0,27.4,1.0,0.0,0.0,2023.0
457,UANL,León,2024-01-17,Away,19:00,Liga MX,Clausura 2024 Regular Season,Wed,W,2,1,1.4,1.5,56.0,23531.0,Guido Pizarro,4-1-4-1,4-3-3,Jesus Lopez,Match Report,,12.0,2.0,18.1,1.0,0.0,0.0,2023.0
458,UANL,Guadalajara,2024-01-21,Home,18:00,Liga MX,Clausura 2024 Regular Season,Sun,W,1,0,0.4,0.9,52.0,40283.0,Guido Pizarro,4-1-4-1,4-3-3,Guillermo Pacheco,Match Report,,6.0,1.0,21.7,0.0,0.0,0.0,2023.0
459,UANL,Atlético,2024-01-24,Away,19:00,Liga MX,Clausura 2024 Regular Season,Wed,W,2,1,1.6,1.0,57.0,20089.0,Guido Pizarro,5-3-2,4-3-3,Víctor Cáceres,Match Report,,19.0,5.0,21.2,0.0,0.0,0.0,2023.0
460,UANL,Querétaro,2024-01-28,Away,21:00,Liga MX,Clausura 2024 Regular Season,Sun,D,1,1,2.2,0.6,70.0,14846.0,Guido Pizarro,5-3-2,4-4-2,Ismael Lopez,Match Report,,18.0,6.0,18.8,1.0,0.0,1.0,2023.0
461,UANL,UNAM,2024-02-03,Home,19:05,Liga MX,Clausura 2024 Regular Season,Sat,D,2,2,1.6,0.6,56.0,41036.0,Guido Pizarro,5-4-1,4-2-3-1,Fernando Hernández,Match Report,,12.0,4.0,14.5,0.0,1.0,1.0,2023.0
462,UANL,Santos,2024-02-10,Away,21:10,Liga MX,Clausura 2024 Regular Season,Sat,W,3,0,2.0,0.9,50.0,15727.0,Nahuel Guzmán,4-2-3-1,4-2-3-1,Oscar Mejia,Match Report,,9.0,4.0,21.7,0.0,1.0,1.0,2023.0
463,UANL,Cruz Azul,2024-02-17,Away,21:05,Liga MX,Clausura 2024 Regular Season,Sat,L,0,1,0.3,1.0,36.0,25755.0,Nahuel Guzmán,4-2-3-1,3-4-3,Marco Antonio Ortíz,Match Report,,6.0,1.0,14.1,0.0,0.0,0.0,2023.0
464,UANL,Atlas,2024-02-24,Home,19:00,Liga MX,Clausura 2024 Regular Season,Sat,D,1,1,1.1,1.2,62.0,39762.0,Nahuel Guzmán,4-2-3-1,4-2-3-1,César Arturo Ramos,Match Report,,16.0,5.0,19.8,1.0,0.0,0.0,2023.0
465,UANL,FC Juárez,2024-02-28,Home,19:00,Liga MX,Clausura 2024 Regular Season,Wed,W,1,0,1.1,1.0,61.0,34731.0,Guido Pizarro,4-2-3-1,4-3-1-2,Jesus Lopez,Match Report,,14.0,3.0,16.7,0.0,0.0,0.0,2023.0
466,UANL,Toluca,2024-03-02,Away,17:00,Liga MX,Clausura 2024 Regular Season,Sat,L,1,2,0.5,2.7,39.0,27273.0,Guido Pizarro,4-2-3-1,4-2-3-1,Adonai Escobedo,Match Report,,4.0,1.0,9.5,0.0,0.0,0.0,2023.0
467,UANL,América,2024-03-09,Away,21:00,Liga MX,Clausura 2024 Regular Season,Sat,L,0,2,1.8,1.0,58.0,45063.0,Nahuel Guzmán,4-2-3-1,4-2-3-1,Víctor Cáceres,Match Report,,23.0,5.0,17.9,1.0,0.0,0.0,2023.0
468,UANL,Mazatlán,2024-03-16,Home,19:00,Liga MX,Clausura 2024 Regular Season,Sat,W,5,1,1.9,1.5,58.0,37321.0,Guido Pizarro,4-2-3-1,4-4-2,Oscar Mejia,Match Report,,19.0,9.0,19.2,1.0,0.0,0.0,2023.0
469,UANL,Puebla,2024-03-29,Away,19:00,Liga MX,Clausura 2024 Regular Season,Fri,W,3,2,2.3,2.1,63.0,16618.0,Guido Pizarro,4-2-3-1,4-4-2,Jorge Camacho,Match Report,,18.0,6.0,17.5,0.0,0.0,0.0,2023.0
470,UANL,Pachuca,2024-04-06,Home,19:00,Liga MX,Clausura 2024 Regular Season,Sat,L,0,3,0.9,1.0,67.0,38147.0,Rafael Carioca,4-2-3-1,4-2-3-1,Fernando Hernández,Match Report,,8.0,2.0,16.9,0.0,0.0,0.0,2023.0
471,UANL,Monterrey,2024-04-13,Away,22:10,Liga MX,Clausura 2024 Regular Season,Sat,D,3,3,1.8,2.6,40.0,52579.0,Rafael Carioca,4-2-3-1,4-4-2,César Arturo Ramos,Match Report,,8.0,3.0,22.6,0.0,0.0,0.0,2023.0
472,UANL,Necaxa,2024-04-20,Home,20:05,Liga MX,Clausura 2024 Regular Season,Sat,W,5,2,1.5,0.2,69.0,40352.0,Rafael Carioca,3-5-2,4-2-3-1,Marco Antonio Ortíz,Match Report,,17.0,6.0,20.3,1.0,0.0,0.0,2023.0
473,UANL,Tijuana,2024-04-27,Home,20:00,Liga MX,Clausura 2024 Regular Season,Sat,W,4,1,3.1,0.8,60.0,39459.0,Rafael Carioca,4-1-4-1,5-4-1,Fernando Hernández,Match Report,,18.0,8.0,17.1,1.0,1.0,1.0,2023.0
474,UANL,Monterrey,2024-05-09,Home,22:10,Liga MX,Clausura — Quarter-finals,Thu,L,1,2,1.6,2.4,62.0,41615.0,Rafael Carioca,4-1-4-1,4-3-3,Marco Antonio Ortíz,Match Report,Leg 1 of 2,14.0,3.0,18.9,1.0,0.0,0.0,2023.0
475,UANL,Monterrey,2024-05-12,Away,22:10,Liga MX,Clausura — Quarter-finals,Sun,D,1,1,0.6,1.4,50.0,51095.0,Guido Pizarro,3-2-4-1,4-4-2,Fernando Hernández,Match Report,Leg 2 of 2; Monterrey won,8.0,4.0,19.8,1.0,0.0,0.0,2023.0
476,Guadalajara,León,2023-07-03,Away,21:00,Liga MX,Apertura 2023 Regular Season,Mon,W,2,1,1.3,2.0,30.0,24120.0,Víctor Guzmán,4-3-3,3-4-3,Oscar Mejia,Match Report,,11.0,3.0,15.8,0.0,0.0,0.0,2023.0
477,Guadalajara,Atlético,2023-07-08,Home,19:05,Liga MX,Apertura 2023 Regular Season,Sat,W,3,1,1.3,1.2,54.0,34711.0,Víctor Guzmán,5-4-1,4-2-3-1,Víctor Cáceres,Match Report,,16.0,5.0,18.1,0.0,0.0,0.0,2023.0
478,Guadalajara,Necaxa,2023-07-13,Home,22:00,Liga MX,Apertura 2023 Regular Season,Thu,W,2,0,1.4,0.6,56.0,34418.0,Víctor Guzmán,4-1-4-1,5-4-1,Jesus Lopez,Match Report,,9.0,5.0,15.1,0.0,0.0,0.0,2023.0
479,Guadalajara,FC Juárez,2023-08-18,Away,21:10,Liga MX,Apertura 2023 Regular Season,Fri,D,1,1,1.1,1.5,42.0,14976.0,Jesús Sánchez García,4-3-3,4-2-3-1,Fernando Hernández,Match Report,,9.0,5.0,18.5,0.0,0.0,0.0,2023.0
480,Guadalajara,Tijuana,2023-08-22,Home,20:00,Liga MX,Apertura 2023 Regular Season,Tue,W,1,0,2.1,0.1,59.0,27547.0,Víctor Guzmán,4-2-3-1,4-4-2,Adonai Escobedo,Match Report,,23.0,8.0,16.9,1.0,0.0,1.0,2023.0
481,Guadalajara,Santos,2023-08-26,Away,22:05,Liga MX,Apertura 2023 Regular Season,Sat,L,1,2,0.9,1.7,52.0,16176.0,Gilberto Sepúlveda,4-2-3-1,4-2-3-1,Oscar Mejia,Match Report,,3.0,3.0,30.5,1.0,1.0,1.0,2023.0
482,Guadalajara,Monterrey,2023-09-03,Home,18:05,Liga MX,Apertura 2023 Regular Season,Sun,L,1,2,0.6,1.3,48.0,37738.0,Gilberto Sepúlveda,4-2-3-1,4-4-2,Óscar Macias,Match Report,,9.0,2.0,16.8,0.0,0.0,0.0,2023.0
483,Guadalajara,América,2023-09-16,Away,22:10,Liga MX,Apertura 2023 Regular Season,Sat,L,0,4,0.4,1.3,47.0,62514.0,Jesús Sánchez García,4-3-3,4-2-3-1,Fernando Guerrero,Match Report,,11.0,2.0,23.8,1.0,0.0,0.0,2023.0
484,Guadalajara,Pachuca,2023-09-23,Home,20:00,Liga MX,Apertura 2023 Regular Season,Sat,D,0,0,0.7,0.9,60.0,31370.0,Gilberto Sepúlveda,4-3-3,4-4-2,César Arturo Ramos,Match Report,,14.0,6.0,23.8,0.0,0.0,0.0,2023.0
485,Guadalajara,Mazatlán,2023-09-26,Home,20:05,Liga MX,Apertura 2023 Regular Season,Tue,L,1,3,0.5,1.5,50.0,23581.0,Víctor Guzmán,4-2-3-1,4-2-3-1,Edgar Morales,Match Report,,14.0,3.0,21.4,0.0,0.0,0.0,2023.0
486,Guadalajara,Toluca,2023-10-01,Away,18:20,Liga MX,Apertura 2023 Regular Season,Sun,D,1,1,0.7,1.7,29.0,27273.0,Gilberto Sepúlveda,5-3-2,4-2-3-1,Daniel Quintero,Match Report,,9.0,1.0,17.7,1.0,0.0,0.0,2023.0
487,Guadalajara,Atlas,2023-10-07,Home,20:00,Liga MX,Apertura 2023 Regular Season,Sat,W,4,1,2.0,0.6,45.0,38972.0,Víctor Guzmán,4-3-3,4-3-3,Adonai Escobedo,Match Report,,15.0,5.0,22.5,0.0,1.0,1.0,2023.0
488,Guadalajara,Puebla,2023-10-20,Away,22:10,Liga MX,Apertura 2023 Regular Season,Fri,W,2,0,1.1,1.5,50.0,29026.0,Víctor Guzmán,4-3-3,4-4-2,Víctor Cáceres,Match Report,,4.0,1.0,20.7,0.0,1.0,1.0,2023.0
489,Guadalajara,UANL,2023-10-28,Home,20:05,Liga MX,Apertura 2023 Regular Season,Sat,L,0,4,0.8,1.3,52.0,36801.0,Víctor Guzmán,4-3-3,4-2-3-1,Fernando Hernández,Match Report,,19.0,4.0,20.0,0.0,0.0,0.0,2023.0
490,Guadalajara,Querétaro,2023-10-31,Away,19:00,Liga MX,Apertura 2023 Regular Season,Tue,W,2,1,3.3,2.0,51.0,23204.0,Jesús Sánchez García,4-3-3,4-4-2,César Arturo Ramos,Match Report,,13.0,6.0,17.7,0.0,1.0,1.0,2023.0
491,Guadalajara,Cruz Azul,2023-11-04,Home,21:05,Liga MX,Apertura 2023 Regular Season,Sat,W,1,0,1.4,0.9,46.0,36847.0,Gilberto Sepúlveda,4-3-3,3-4-3,Adonai Escobedo,Match Report,,14.0,3.0,16.7,0.0,0.0,0.0,2023.0
492,Guadalajara,UNAM,2023-11-11,Away,19:00,Liga MX,Apertura 2023 Regular Season,Sat,L,0,1,1.0,1.1,53.0,46823.0,Víctor Guzmán,4-3-3,4-2-3-1,Oscar Mejia,Match Report,,6.0,1.0,25.1,1.0,0.0,1.0,2023.0
493,Guadalajara,UNAM,2023-11-30,Home,21:05,Liga MX,Apertura — Quarter-finals,Thu,W,1,0,1.2,0.4,49.0,33438.0,Fernando Beltrán,4-3-3,4-2-3-1,Fernando Hernández,Match Report,Leg 1 of 2,16.0,8.0,17.4,0.0,0.0,0.0,2023.0
494,Guadalajara,UNAM,2023-12-03,Away,18:00,Liga MX,Apertura — Quarter-finals,Sun,L,0,3,0.2,1.0,59.0,46659.0,Fernando Beltrán,4-3-3,4-2-3-1,César Arturo Ramos,Match Report,Leg 2 of 2; UNAM won,5.0,0.0,20.6,0.0,0.0,0.0,2023.0
495,Guadalajara,Santos,2024-01-13,Home,19:05,Liga MX,Clausura 2024 Regular Season,Sat,D,1,1,2.0,1.2,67.0,36743.0,Víctor Guzmán,4-3-3,4-2-3-1,Jorge Camacho,Match Report,,19.0,2.0,17.8,1.0,0.0,0.0,2023.0
496,Guadalajara,UANL,2024-01-21,Away,18:00,Liga MX,Clausura 2024 Regular Season,Sun,L,0,1,0.9,0.4,48.0,40283.0,Víctor Guzmán,4-3-3,4-1-4-1,Guillermo Pacheco,Match Report,,16.0,2.0,19.4,0.0,0.0,0.0,2023.0
497,Guadalajara,Tijuana,2024-01-26,Away,19:00,Liga MX,Clausura 2024 Regular Season,Fri,D,1,1,1.6,0.8,53.0,31133.0,Víctor Guzmán,4-3-3,4-4-2,Brian Gonzalez,Match Report,,14.0,5.0,16.0,0.0,0.0,0.0,2023.0
498,Guadalajara,Toluca,2024-01-30,Home,21:05,Liga MX,Clausura 2024 Regular Season,Tue,W,3,2,2.2,1.9,40.0,35998.0,Víctor Guzmán,4-3-3,4-2-3-1,Fernando Hernández,Match Report,,17.0,8.0,16.6,0.0,0.0,0.0,2023.0
499,Guadalajara,Atlético,2024-02-04,Away,19:00,Liga MX,Clausura 2024 Regular Season,Sun,W,2,0,2.4,0.5,45.0,22044.0,Víctor Guzmán,4-3-3,4-4-2,Oscar Mejia,Match Report,,8.0,3.0,17.9,0.0,2.0,2.0,2023.0
500,Guadalajara,FC Juárez,2024-02-10,Home,17:05,Liga MX,Clausura 2024 Regular Season,Sat,W,2,1,2.1,1.0,63.0,33831.0,Víctor Guzmán,4-3-3,3-4-3,Vicente Arce,Match Report,,17.0,6.0,20.3,1.0,0.0,0.0,2023.0
501,Guadalajara,Mazatlán,2024-02-16,Away,20:00,Liga MX,Clausura 2024 Regular Season,Fri,D,2,2,1.5,1.1,45.0,17787.0,Víctor Guzmán,4-3-3,4-2-3-1,Adonai Escobedo,Match Report,,6.0,3.0,21.6,0.0,1.0,1.0,2023.0
502,Guadalajara,Necaxa,2024-02-20,Away,21:00,Liga MX,Clausura 2024 Regular Season,Tue,L,0,1,0.7,1.6,71.0,20786.0,Víctor Guzmán,4-3-3,4-1-2-1-2,Brian Gonzalez,Match Report,,14.0,1.0,20.4,0.0,0.0,0.0,2023.0
503,Guadalajara,UNAM,2024-02-24,Home,19:05,Liga MX,Clausura 2024 Regular Season,Sat,W,3,1,1.6,1.1,50.0,34574.0,Víctor Guzmán,4-3-3,4-5-1,Óscar Macias,Match Report,,17.0,5.0,18.0,0.0,0.0,0.0,2023.0
504,Guadalajara,Cruz Azul,2024-03-02,Away,19:05,Liga MX,Clausura 2024 Regular Season,Sat,L,0,3,0.3,1.2,37.0,67623.0,Víctor Guzmán,4-3-3,3-4-3,César Arturo Ramos,Match Report,,7.0,2.0,24.6,0.0,0.0,0.0,2023.0
505,Guadalajara,León,2024-03-09,Home,17:05,Liga MX,Clausura 2024 Regular Season,Sat,L,1,2,1.7,1.5,66.0,33541.0,Víctor Guzmán,4-3-3,4-4-2,Daniel Quintero,Match Report,,11.0,3.0,19.3,0.0,1.0,1.0,2023.0
506,Guadalajara,América,2024-03-16,Home,21:05,Liga MX,Clausura 2024 Regular Season,Sat,D,0,0,0.6,1.0,38.0,42650.0,Javier Hernández,4-2-3-1,4-2-3-1,Fernando Hernández,Match Report,,10.0,2.0,18.2,0.0,0.0,0.0,2023.0
507,Guadalajara,Monterrey,2024-03-30,Away,19:00,Liga MX,Clausura 2024 Regular Season,Sat,W,2,0,1.0,1.1,61.0,46165.0,Víctor Guzmán,4-3-3,4-2-3-1,Adonai Escobedo,Match Report,,11.0,5.0,27.9,0.0,0.0,0.0,2023.0
508,Guadalajara,Puebla,2024-04-06,Home,19:05,Liga MX,Clausura 2024 Regular Season,Sat,W,3,2,2.2,1.3,50.0,35980.0,Javier Hernández,4-2-3-1,4-4-2,Fernando Guerrero,Match Report,,18.0,7.0,19.2,3.0,0.0,0.0,2023.0
509,Guadalajara,Pachuca,2024-04-13,Away,18:00,Liga MX,Clausura 2024 Regular Season,Sat,W,1,0,0.4,0.9,45.0,20804.0,Isaác Brizuela,4-2-3-1,4-2-3-1,Jesus Lopez,Match Report,,9.0,2.0,22.2,0.0,0.0,0.0,2023.0
510,Guadalajara,Querétaro,2024-04-20,Home,20:05,Liga MX,Clausura 2024 Regular Season,Sat,W,2,0,0.8,0.8,62.0,37040.0,Isaác Brizuela,4-2-3-1,4-4-2,Oscar Mejia,Match Report,,13.0,6.0,17.7,0.0,0.0,0.0,2023.0
511,Guadalajara,Atlas,2024-04-27,Away,22:10,Liga MX,Clausura 2024 Regular Season,Sat,W,1,0,1.2,0.4,58.0,40327.0,Isaác Brizuela,4-2-3-1,4-3-3,Marco Antonio Ortíz,Match Report,,14.0,2.0,18.1,1.0,0.0,0.0,2023.0
512,Guadalajara,Toluca,2024-05-08,Home,20:05,Liga MX,Clausura — Quarter-finals,Wed,W,1,0,0.1,0.4,52.0,40458.0,Javier Hernández,4-2-3-1,4-2-3-1,Oscar Mejia,Match Report,Leg 1 of 2,3.0,1.0,22.4,0.0,0.0,0.0,2023.0
513,Guadalajara,Toluca,2024-05-11,Away,21:10,Liga MX,Clausura — Quarter-finals,Sat,D,0,0,1.0,1.6,44.0,27273.0,Víctor Guzmán,4-5-1,4-2-3-1,César Arturo Ramos,Match Report,Leg 2 of 2; Guadalajara won,9.0,3.0,21.5,0.0,0.0,0.0,2023.0
514,Guadalajara,América,2024-05-15,Home,21:05,Liga MX,Clausura — Semi-finals,Wed,D,0,0,0.8,0.6,45.0,43628.0,Víctor Guzmán,4-5-1,4-2-3-1,Oscar Mejia,Match Report,Leg 1 of 2,17.0,4.0,20.1,1.0,0.0,0.0,2023.0
515,Guadalajara,América,2024-05-18,Away,21:00,Liga MX,Clausura — Semi-finals,Sat,L,0,1,0.6,1.0,49.0,70187.0,Víctor Guzmán,4-5-1,4-2-3-1,César Arturo Ramos,Match Report,Leg 2 of 2; América won,13.0,2.0,17.3,0.0,0.0,0.0,2023.0
516,Pumas UNAM,Tijuana,2023-06-30,Away,20:00,Liga MX,Apertura 2023 Regular Season,Fri,W,3,2,2.7,1.2,44.0,26158.0,Adrián Aldrete,4-4-2,4-2-3-1,Daniel Quintero,Match Report,,12.0,6.0,21.3,1.0,1.0,1.0,2023.0
517,Pumas UNAM,Mazatlán,2023-07-09,Home,13:00,Liga MX,Apertura 2023 Regular Season,Sun,D,0,0,1.1,0.8,55.0,20844.0,Adrián Aldrete,4-4-2,4-2-3-1,Óscar Macias,Match Report,,17.0,3.0,16.7,1.0,0.0,0.0,2023.0
518,Pumas UNAM,Pachuca,2023-07-16,Away,21:15,Liga MX,Apertura 2023 Regular Season,Sun,D,1,1,0.7,1.1,47.0,9396.0,Adrián Aldrete,4-2-3-1,3-5-2,Oscar Mejia,Match Report,,7.0,1.0,20.1,0.0,0.0,0.0,2023.0
519,Pumas UNAM,Toluca,2023-08-18,Home,22:00,Liga MX,Apertura 2023 Regular Season,Fri,D,1,1,3.8,0.9,44.0,16970.0,Adrián Aldrete,4-1-4-1,4-2-3-1,Luis Enrique Santander,Match Report,,22.0,5.0,15.6,0.0,0.0,0.0,2023.0
520,Pumas UNAM,FC Juárez,2023-08-22,Away,21:06,Liga MX,Apertura 2023 Regular Season,Tue,L,1,4,1.7,1.9,63.0,10430.0,Adrián Aldrete,4-1-4-1,4-2-3-1,Iván López,Match Report,,18.0,8.0,16.7,1.0,0.0,0.0,2023.0
521,Pumas UNAM,UANL,2023-08-27,Home,19:05,Liga MX,Apertura 2023 Regular Season,Sun,W,2,1,1.8,0.4,38.0,17580.0,Juan Ignacio Dinenno,4-4-2,4-2-3-1,Fernando Hernández,Match Report,,11.0,5.0,18.5,0.0,1.0,1.0,2023.0
522,Pumas UNAM,Santos,2023-09-02,Away,20:00,Liga MX,Apertura 2023 Regular Season,Sat,L,1,2,0.9,1.8,59.0,14908.0,Juan Ignacio Dinenno,4-4-2,4-1-3-2,Fernando Guerrero,Match Report,,13.0,3.0,17.8,0.0,0.0,0.0,2023.0
523,Pumas UNAM,Atlético,2023-09-17,Home,13:00,Liga MX,Apertura 2023 Regular Season,Sun,W,3,2,2.1,0.5,57.0,14186.0,Adrián Aldrete,4-4-2,4-2-3-1,César Arturo Ramos,Match Report,,24.0,8.0,17.8,1.0,0.0,0.0,2023.0
524,Pumas UNAM,Puebla,2023-09-22,Away,22:10,Liga MX,Apertura 2023 Regular Season,Fri,W,2,0,2.0,0.7,42.0,20696.0,Adrián Aldrete,4-2-3-1,4-4-2,Guillermo Pacheco,Match Report,,12.0,4.0,25.2,0.0,2.0,2.0,2023.0
525,Pumas UNAM,América,2023-09-30,Away,19:40,Liga MX,Apertura 2023 Regular Season,Sat,L,0,1,0.6,1.9,51.0,62707.0,Eduardo Salvio,4-2-3-1,4-4-2,Víctor Cáceres,Match Report,,17.0,2.0,20.3,1.0,0.0,0.0,2023.0
526,Pumas UNAM,Querétaro,2023-10-04,Home,20:00,Liga MX,Apertura 2023 Regular Season,Wed,W,4,0,1.9,0.2,68.0,8074.0,Adrián Aldrete,4-2-3-1,4-4-2,Luis Enrique Santander,Match Report,,13.0,6.0,22.3,0.0,1.0,1.0,2023.0
527,Pumas UNAM,Cruz Azul,2023-10-07,Away,22:10,Liga MX,Apertura 2023 Regular Season,Sat,W,4,1,1.5,2.0,39.0,28878.0,Adrián Aldrete,4-4-2,5-4-1,César Arturo Ramos,Match Report,,9.0,5.0,21.5,0.0,1.0,1.0,2023.0
528,Pumas UNAM,Monterrey,2023-10-22,Home,13:00,Liga MX,Apertura 2023 Regular Season,Sun,L,0,1,1.0,0.3,52.0,26885.0,Adrián Aldrete,4-2-3-1,4-3-3,Ismael Lopez,Match Report,,11.0,3.0,17.4,0.0,0.0,0.0,2023.0
529,Pumas UNAM,Necaxa,2023-10-27,Away,20:00,Liga MX,Apertura 2023 Regular Season,Fri,L,0,1,0.5,0.9,51.0,12201.0,Adrián Aldrete,4-2-3-1,4-4-2,Abraham Quirarte,Match Report,,10.0,0.0,23.4,1.0,0.0,0.0,2023.0
530,Pumas UNAM,León,2023-10-31,Away,21:10,Liga MX,Apertura 2023 Regular Season,Tue,D,1,1,0.9,1.3,35.0,22898.0,Adrián Aldrete,4-2-3-1,5-4-1,Adonai Escobedo,Match Report,,16.0,6.0,19.9,0.0,0.0,0.0,2023.0
531,Pumas UNAM,Atlas,2023-11-05,Home,12:00,Liga MX,Apertura 2023 Regular Season,Sun,W,3,0,3.9,0.3,42.0,17297.0,Adrián Aldrete,4-4-2,4-4-2,Fernando Guerrero,Match Report,,25.0,8.0,16.3,1.0,1.0,1.0,2023.0
532,Pumas UNAM,Guadalajara,2023-11-11,Home,19:00,Liga MX,Apertura 2023 Regular Season,Sat,W,1,0,1.1,1.0,47.0,46823.0,Adrián Aldrete,4-2-3-1,4-3-3,Oscar Mejia,Match Report,,15.0,6.0,14.5,0.0,0.0,0.0,2023.0
533,Pumas UNAM,Guadalajara,2023-11-30,Away,21:05,Liga MX,Apertura — Quarter-finals,Thu,L,0,1,0.4,1.2,51.0,33438.0,Adrián Aldrete,4-2-3-1,4-3-3,Fernando Hernández,Match Report,Leg 1 of 2,8.0,2.0,16.2,0.0,0.0,0.0,2023.0
534,Pumas UNAM,Guadalajara,2023-12-03,Home,18:00,Liga MX,Apertura — Quarter-finals,Sun,W,3,0,1.0,0.2,41.0,46659.0,Adrián Aldrete,4-2-3-1,4-3-3,César Arturo Ramos,Match Report,Leg 2 of 2; UNAM won,6.0,2.0,22.0,0.0,1.0,1.0,2023.0
535,Pumas UNAM,UANL,2023-12-07,Home,21:00,Liga MX,Apertura — Semi-finals,Thu,L,0,1,0.5,0.6,39.0,44276.0,Eduardo Salvio,4-2-3-1,4-2-3-1,Marco Antonio Ortíz,Match Report,Leg 1 of 2,12.0,6.0,17.4,0.0,0.0,0.0,2023.0
536,Pumas UNAM,UANL,2023-12-10,Away,20:00,Liga MX,Apertura — Semi-finals,Sun,D,1,1,1.6,0.6,47.0,41615.0,Adrián Aldrete,4-2-3-1,4-2-3-1,Fernando Guerrero,Match Report,Leg 2 of 2; UANL won,8.0,2.0,17.2,0.0,0.0,1.0,2023.0
537,Pumas UNAM,FC Juárez,2024-01-14,Home,12:00,Liga MX,Clausura 2024 Regular Season,Sun,W,1,0,1.3,0.6,56.0,22057.0,Adrián Aldrete,4-2-3-1,4-2-3-1,Charles Terrazas,Match Report,,16.0,2.0,14.7,0.0,0.0,0.0,2023.0
538,Pumas UNAM,Atlético,2024-01-19,Away,21:00,Liga MX,Clausura 2024 Regular Season,Fri,L,1,3,2.6,1.9,53.0,22262.0,Adrián Aldrete,4-2-2-2,4-3-3,Iván López,Match Report,,20.0,8.0,14.5,0.0,0.0,0.0,2023.0
539,Pumas UNAM,Pachuca,2024-01-28,Home,17:15,Liga MX,Clausura 2024 Regular Season,Sun,W,3,1,1.1,1.4,44.0,21241.0,Adrián Aldrete,4-2-3-1,4-2-3-1,Maximiliano Quintero,Match Report,,8.0,4.0,17.3,1.0,0.0,0.0,2023.0
540,Pumas UNAM,Necaxa,2024-01-31,Home,21:00,Liga MX,Clausura 2024 Regular Season,Wed,D,2,2,2.8,0.7,71.0,19261.0,Adrián Aldrete,4-2-3-1,4-4-2,César Arturo Ramos,Match Report,,23.0,7.0,16.7,2.0,0.0,0.0,2023.0
541,Pumas UNAM,UANL,2024-02-03,Away,19:05,Liga MX,Clausura 2024 Regular Season,Sat,D,2,2,0.6,1.6,44.0,41036.0,Adrián Aldrete,4-2-3-1,5-4-1,Fernando Hernández,Match Report,,9.0,2.0,16.5,0.0,0.0,0.0,2023.0
542,Pumas UNAM,Puebla,2024-02-11,Home,12:00,Liga MX,Clausura 2024 Regular Season,Sun,W,3,0,1.5,0.5,52.0,17488.0,Eduardo Salvio,4-2-3-1,5-3-2,Guillermo Pacheco,Match Report,,12.0,6.0,16.0,0.0,0.0,0.0,2023.0
543,Pumas UNAM,Atlas,2024-02-14,Away,21:00,Liga MX,Clausura 2024 Regular Season,Wed,D,0,0,0.5,0.4,48.0,16344.0,Eduardo Salvio,4-5-1,4-4-2,Jesus Lopez,Match Report,,12.0,1.0,20.4,0.0,0.0,0.0,2023.0
544,Pumas UNAM,Santos,2024-02-18,Home,18:05,Liga MX,Clausura 2024 Regular Season,Sun,W,3,0,2.2,0.2,49.0,22314.0,Eduardo Salvio,4-2-3-1,4-2-3-1,Ismael Lopez,Match Report,,23.0,9.0,17.0,1.0,0.0,0.0,2023.0
545,Pumas UNAM,Guadalajara,2024-02-24,Away,19:05,Liga MX,Clausura 2024 Regular Season,Sat,L,1,3,1.1,1.6,50.0,34574.0,Eduardo Salvio,4-5-1,4-3-3,Óscar Macias,Match Report,,13.0,2.0,26.9,0.0,1.0,1.0,2023.0
546,Pumas UNAM,Monterrey,2024-03-03,Away,19:00,Liga MX,Clausura 2024 Regular Season,Sun,L,0,3,0.4,2.6,40.0,47090.0,Eduardo Salvio,4-2-3-1,4-4-2,Víctor Cáceres,Match Report,,10.0,3.0,18.0,0.0,0.0,0.0,2023.0
547,Pumas UNAM,Tijuana,2024-03-10,Home,12:00,Liga MX,Clausura 2024 Regular Season,Sun,D,3,3,1.0,2.9,44.0,18064.0,Eduardo Salvio,4-2-3-1,5-3-2,Marco Antonio Ortíz,Match Report,,14.0,4.0,24.4,1.0,0.0,0.0,2023.0
548,Pumas UNAM,Toluca,2024-03-17,Away,19:00,Liga MX,Clausura 2024 Regular Season,Sun,L,0,3,0.6,3.1,51.0,27273.0,Eduardo Salvio,5-3-2,4-2-3-1,César Arturo Ramos,Match Report,,7.0,2.0,17.3,0.0,0.0,0.0,2023.0
549,Pumas UNAM,Cruz Azul,2024-03-30,Home,21:05,Liga MX,Clausura 2024 Regular Season,Sat,D,0,0,0.9,0.4,43.0,41121.0,Eduardo Salvio,4-4-2,4-1-3-2,Fernando Hernández,Match Report,,11.0,2.0,18.8,0.0,0.0,0.0,2023.0
550,Pumas UNAM,Mazatlán,2024-04-05,Away,18:00,Liga MX,Clausura 2024 Regular Season,Fri,W,4,0,0.9,1.0,50.0,12620.0,Eduardo Salvio,4-2-3-1,4-2-3-1,Víctor Cáceres,Match Report,,12.0,7.0,19.2,1.0,0.0,0.0,2023.0
551,Pumas UNAM,León,2024-04-14,Home,19:00,Liga MX,Clausura 2024 Regular Season,Sun,W,1,0,1.5,0.5,62.0,23127.0,Eduardo Salvio,4-4-1-1,4-2-3-1,Daniel Quintero,Match Report,,18.0,5.0,18.7,0.0,0.0,0.0,2023.0
552,Pumas UNAM,América,2024-04-20,Home,22:10,Liga MX,Clausura 2024 Regular Season,Sat,W,2,1,0.6,1.4,40.0,44670.0,Lisandro Magallán,4-1-4-1,4-4-2,Fernando Guerrero,Match Report,,11.0,3.0,20.8,1.0,0.0,0.0,2023.0
553,Pumas UNAM,Querétaro,2024-04-26,Away,22:10,Liga MX,Clausura 2024 Regular Season,Fri,D,1,1,1.1,1.9,58.0,26265.0,Lisandro Magallán,4-2-3-1,4-4-2,Ismael Lopez,Match Report,,17.0,3.0,20.9,1.0,0.0,0.0,2023.0
554,Pumas UNAM,Pachuca,2024-05-02,Away,22:15,Liga MX,Clausura — 7-seed match,Thu,D,0 (5),0 (3),0.4,0.4,36.0,12168.0,Eduardo Salvio,4-2-3-1,4-2-3-1,Adonai Escobedo,Match Report,UNAM won on penalty kicks following extra time,8.0,2.0,17.1,1.0,0.0,0.0,2023.0
555,Pumas UNAM,Cruz Azul,2024-05-09,Home,20:00,Liga MX,Clausura — Quarter-finals,Thu,L,0,2,0.7,2.1,46.0,40418.0,Adrián Aldrete,4-2-3-1,3-1-4-2,Luis Enrique Santander,Match Report,Leg 1 of 2,15.0,3.0,20.9,1.0,0.0,0.0,2023.0
556,Pumas UNAM,Cruz Azul,2024-05-12,Away,20:00,Liga MX,Clausura — Quarter-finals,Sun,D,2,2,0.9,2.6,58.0,27228.0,Lisandro Magallán,4-2-3-1,5-4-1,Daniel Quintero,Match Report,Leg 2 of 2; Cruz Azul won,16.0,6.0,20.2,1.0,0.0,0.0,2023.0
557,Toluca,Necaxa,2023-07-02,Home,13:00,Liga MX,Apertura 2023 Regular Season,Sun,D,0,0,1.2,1.1,69.0,23011.0,Valber Huerta,4-4-2,5-4-1,Iván López,Match Report,,16.0,3.0,18.3,1.0,0.0,0.0,2023.0
558,Toluca,Cruz Azul,2023-07-08,Away,18:50,Liga MX,Apertura 2023 Regular Season,Sat,W,2,0,2.1,0.5,56.0,15939.0,Valber Huerta,4-4-2,3-4-3,Ismael Lopez,Match Report,,11.0,6.0,17.7,1.0,1.0,1.0,2023.0
559,Toluca,FC Juárez,2023-07-16,Home,13:00,Liga MX,Apertura 2023 Regular Season,Sun,L,2,4,2.0,1.9,46.0,22931.0,Valber Huerta,3-4-3,4-4-2,Charles Terrazas,Match Report,,12.0,4.0,18.9,0.0,1.0,1.0,2023.0
560,Toluca,UNAM,2023-08-18,Away,22:00,Liga MX,Apertura 2023 Regular Season,Fri,D,1,1,0.9,3.8,56.0,16970.0,Valber Huerta,4-2-3-1,4-1-4-1,Luis Enrique Santander,Match Report,,10.0,4.0,16.8,0.0,0.0,0.0,2023.0
561,Toluca,Atlas,2023-08-26,Away,18:00,Liga MX,Apertura 2023 Regular Season,Sat,D,0,0,0.8,0.9,41.0,15657.0,Valber Huerta,4-4-2,4-3-3,Guillermo Pacheco,Match Report,,8.0,2.0,13.2,0.0,0.0,0.0,2023.0
562,Toluca,Monterrey,2023-08-30,Home,20:00,Liga MX,Apertura 2023 Regular Season,Wed,W,1,0,0.5,1.2,50.0,22432.0,Marcel Ruiz,4-2-3-1,4-4-2,Diego Montaño,Match Report,,12.0,5.0,22.2,1.0,0.0,0.0,2023.0
563,Toluca,Pachuca,2023-09-03,Home,13:00,Liga MX,Apertura 2023 Regular Season,Sun,W,5,0,4.2,0.4,66.0,23711.0,Valber Huerta,4-2-3-1,4-4-2,Marco Antonio Ortíz,Match Report,,13.0,6.0,14.2,0.0,1.0,1.0,2023.0
564,Toluca,Tijuana,2023-09-15,Away,20:00,Liga MX,Apertura 2023 Regular Season,Fri,L,1,2,0.4,1.1,63.0,18633.0,Valber Huerta,4-4-2,4-2-3-1,Erick Miranda,Match Report,,6.0,2.0,11.1,0.0,0.0,0.0,2023.0
565,Toluca,América,2023-09-24,Home,13:00,Liga MX,Apertura 2023 Regular Season,Sun,D,1,1,1.5,2.0,49.0,27273.0,Valber Huerta,4-4-2,4-2-3-1,Adonai Escobedo,Match Report,,13.0,4.0,18.0,1.0,0.0,0.0,2023.0
566,Toluca,Guadalajara,2023-10-01,Home,18:20,Liga MX,Apertura 2023 Regular Season,Sun,D,1,1,1.7,0.7,71.0,27273.0,Valber Huerta,4-2-3-1,5-3-2,Daniel Quintero,Match Report,,17.0,6.0,18.7,1.0,0.0,0.0,2023.0
567,Toluca,UANL,2023-10-04,Away,22:00,Liga MX,Apertura 2023 Regular Season,Wed,D,2,2,1.1,0.8,43.0,37117.0,Valber Huerta,4-2-3-1,4-2-3-1,César Arturo Ramos,Match Report,,10.0,6.0,18.0,0.0,0.0,0.0,2023.0
568,Toluca,Querétaro,2023-10-08,Home,13:00,Liga MX,Apertura 2023 Regular Season,Sun,W,3,1,3.6,1.1,73.0,21941.0,Valber Huerta,4-2-3-1,4-4-2,Fernando Hernández,Match Report,,23.0,9.0,15.6,0.0,1.0,1.0,2023.0
569,Toluca,León,2023-10-21,Away,18:00,Liga MX,Apertura 2023 Regular Season,Sat,L,0,1,1.3,1.2,59.0,20050.0,Valber Huerta,4-2-3-1,4-1-2-1-2,Oscar Mejia,Match Report,,16.0,2.0,18.2,3.0,0.0,0.0,2023.0
570,Toluca,Atlético,2023-10-29,Home,12:00,Liga MX,Apertura 2023 Regular Season,Sun,W,3,1,1.5,0.9,55.0,23924.0,Valber Huerta,4-2-3-1,4-2-3-1,César Arturo Ramos,Match Report,,14.0,5.0,14.7,0.0,0.0,0.0,2023.0
571,Toluca,Puebla,2023-10-31,Home,19:00,Liga MX,Apertura 2023 Regular Season,Tue,L,0,1,1.2,1.4,58.0,23808.0,Valber Huerta,4-2-3-1,4-4-2,Óscar Macias,Match Report,,13.0,4.0,15.2,0.0,0.0,0.0,2023.0
572,Toluca,Santos,2023-11-05,Away,18:10,Liga MX,Apertura 2023 Regular Season,Sun,L,1,3,1.7,2.3,68.0,12367.0,Valber Huerta,4-2-3-1,4-2-3-1,Víctor Cáceres,Match Report,,18.0,6.0,16.5,0.0,0.0,0.0,2023.0
573,Toluca,Mazatlán,2023-11-10,Away,18:06,Liga MX,Apertura 2023 Regular Season,Fri,L,0,1,0.5,0.9,59.0,14509.0,Valber Huerta,4-4-2,4-2-3-1,Adonai Escobedo,Match Report,,8.0,2.0,15.1,0.0,0.0,0.0,2023.0
574,Toluca,Querétaro,2024-01-12,Away,19:00,Liga MX,Clausura 2024 Regular Season,Fri,D,2,2,1.1,0.7,65.0,13428.0,Valber Huerta,5-4-1,4-4-2,Abraham Quirarte,Match Report,,17.0,4.0,16.8,0.0,0.0,0.0,2023.0
575,Toluca,Mazatlán,2024-01-20,Home,17:00,Liga MX,Clausura 2024 Regular Season,Sat,W,4,1,2.7,2.0,60.0,23387.0,Valber Huerta,4-2-3-1,5-3-2,Jorge Camacho,Match Report,,13.0,4.0,19.1,0.0,1.0,1.0,2023.0
576,Toluca,Puebla,2024-01-26,Away,19:00,Liga MX,Clausura 2024 Regular Season,Fri,D,1,1,0.8,1.0,59.0,15864.0,Valber Huerta,3-4-3,4-4-2,Iván López,Match Report,,15.0,4.0,20.2,0.0,0.0,0.0,2023.0
577,Toluca,Guadalajara,2024-01-30,Away,21:05,Liga MX,Clausura 2024 Regular Season,Tue,L,2,3,1.9,2.2,60.0,35998.0,Valber Huerta,4-2-3-1,4-3-3,Fernando Hernández,Match Report,,18.0,6.0,17.2,0.0,0.0,0.0,2023.0
578,Toluca,León,2024-02-03,Home,17:00,Liga MX,Clausura 2024 Regular Season,Sat,W,4,1,2.1,0.6,61.0,25171.0,Valber Huerta,4-2-3-1,4-5-1,Ismael Lopez,Match Report,,14.0,8.0,16.0,0.0,0.0,0.0,2023.0
579,Toluca,Necaxa,2024-02-10,Away,17:00,Liga MX,Clausura 2024 Regular Season,Sat,D,3,3,2.7,1.9,64.0,15540.0,Valber Huerta,4-2-3-1,5-3-2,Daniel Quintero,Match Report,,20.0,10.0,13.2,0.0,0.0,0.0,2023.0
580,Toluca,Monterrey,2024-02-18,Away,20:10,Liga MX,Clausura 2024 Regular Season,Sun,D,0,0,0.2,1.7,42.0,46189.0,Valber Huerta,4-2-3-1,4-2-3-1,Luis Enrique Santander,Match Report,,4.0,0.0,21.5,0.0,0.0,0.0,2023.0
581,Toluca,Santos,2024-02-21,Home,19:00,Liga MX,Clausura 2024 Regular Season,Wed,W,1,0,1.1,0.4,49.0,22999.0,Claudio Baeza,4-2-3-1,5-4-1,Abraham Quirarte,Match Report,,5.0,0.0,19.3,0.0,1.0,1.0,2023.0
582,Toluca,Tijuana,2024-02-25,Home,12:00,Liga MX,Clausura 2024 Regular Season,Sun,W,2,0,1.5,0.6,50.0,21297.0,Marcel Ruiz,4-2-3-1,4-2-3-1,Diego Montaño,Match Report,,15.0,5.0,17.3,1.0,0.0,0.0,2023.0
583,Toluca,UANL,2024-03-02,Home,17:00,Liga MX,Clausura 2024 Regular Season,Sat,W,2,1,2.7,0.5,61.0,27273.0,Claudio Baeza,4-2-3-1,4-2-3-1,Adonai Escobedo,Match Report,,22.0,6.0,21.1,0.0,1.0,1.0,2023.0
584,Toluca,FC Juárez,2024-03-08,Away,20:10,Liga MX,Clausura 2024 Regular Season,Fri,D,1,1,0.7,0.5,56.0,11623.0,Claudio Baeza,4-2-3-1,4-2-3-1,Fernando Guerrero,Match Report,,11.0,1.0,19.4,0.0,0.0,0.0,2023.0
585,Toluca,UNAM,2024-03-17,Home,19:00,Liga MX,Clausura 2024 Regular Season,Sun,W,3,0,3.1,0.6,49.0,27273.0,Claudio Baeza,4-2-3-1,5-3-2,César Arturo Ramos,Match Report,,16.0,4.0,18.7,0.0,1.0,1.0,2023.0
586,Toluca,Pachuca,2024-03-30,Away,19:00,Liga MX,Clausura 2024 Regular Season,Sat,W,3,2,1.6,1.6,49.0,20059.0,Tiago Volpi,4-2-3-1,4-2-3-1,Daniel Quintero,Match Report,,12.0,4.0,18.1,0.0,1.0,1.0,2023.0
587,Toluca,Atlas,2024-04-07,Home,13:00,Liga MX,Clausura 2024 Regular Season,Sun,W,4,1,1.2,0.5,58.0,27273.0,Claudio Baeza,4-2-3-1,4-3-3,Karen Hernández,Match Report,,13.0,6.0,16.6,0.0,0.0,0.0,2023.0
588,Toluca,América,2024-04-13,Away,20:05,Liga MX,Clausura 2024 Regular Season,Sat,L,1,5,1.1,4.8,57.0,65644.0,Claudio Baeza,4-2-3-1,4-2-3-1,Adonai Escobedo,Match Report,,11.0,5.0,16.8,1.0,0.0,0.0,2023.0
589,Toluca,Atlético,2024-04-19,Away,22:00,Liga MX,Clausura 2024 Regular Season,Fri,W,5,1,2.6,0.9,51.0,15989.0,Claudio Baeza,4-2-3-1,4-1-4-1,Daniel Quintero,Match Report,,13.0,10.0,15.7,1.0,0.0,0.0,2023.0
590,Toluca,Cruz Azul,2024-04-27,Home,20:00,Liga MX,Clausura 2024 Regular Season,Sat,L,0,1,2.2,0.8,59.0,27273.0,Tiago Volpi,4-2-3-1,3-1-4-2,Fernando Guerrero,Match Report,,14.0,2.0,23.2,0.0,0.0,2.0,2023.0
591,Toluca,Guadalajara,2024-05-08,Away,20:05,Liga MX,Clausura — Quarter-finals,Wed,L,0,1,0.4,0.1,48.0,40458.0,Claudio Baeza,4-2-3-1,4-2-3-1,Oscar Mejia,Match Report,Leg 1 of 2,9.0,4.0,23.2,1.0,0.0,0.0,2023.0
592,Toluca,Guadalajara,2024-05-11,Home,21:10,Liga MX,Clausura — Quarter-finals,Sat,D,0,0,1.6,1.0,56.0,27273.0,Claudio Baeza,4-2-3-1,4-5-1,César Arturo Ramos,Match Report,Leg 2 of 2; Guadalajara won,22.0,7.0,20.0,2.0,0.0,0.0,2023.0
593,Pachuca,Mazatlán,2023-06-30,Away,19:00,Liga MX,Apertura 2023 Regular Season,Fri,D,1,1,4.2,1.3,54.0,8479.0,Óscar Ustari,4-4-2,4-4-2,Jesus Lopez,Match Report,,20.0,7.0,16.6,1.0,0.0,1.0,2023.0
594,Pachuca,León,2023-07-10,Away,21:00,Liga MX,Apertura 2023 Regular Season,Mon,L,0,4,1.4,2.3,45.0,15015.0,Óscar Ustari,4-4-2,3-4-3,Jorge Camacho,Match Report,,12.0,2.0,17.7,0.0,0.0,0.0,2023.0
595,Pachuca,UNAM,2023-07-16,Home,21:15,Liga MX,Apertura 2023 Regular Season,Sun,D,1,1,1.1,0.7,53.0,9396.0,Óscar Ustari,3-5-2,4-2-3-1,Oscar Mejia,Match Report,,21.0,8.0,21.4,0.0,0.0,0.0,2023.0
596,Pachuca,Querétaro,2023-08-20,Away,20:06,Liga MX,Apertura 2023 Regular Season,Sun,D,1,1,1.3,0.6,58.0,6486.0,Gustavo Cabral,4-4-2,4-4-2,Vicente Arce,Match Report,,18.0,4.0,24.4,1.0,0.0,0.0,2023.0
597,Pachuca,Cruz Azul,2023-08-23,Home,20:06,Liga MX,Apertura 2023 Regular Season,Wed,W,1,0,0.8,1.4,32.0,8242.0,Gustavo Cabral,4-4-2,3-4-3,Jesus Lopez,Match Report,,17.0,4.0,21.5,2.0,0.0,0.0,2023.0
598,Pachuca,Atlético,2023-08-28,Home,22:10,Liga MX,Apertura 2023 Regular Season,Mon,L,0,2,0.9,1.7,56.0,8595.0,Gustavo Cabral,4-4-1-1,4-2-3-1,Jorge Camacho,Match Report,,21.0,8.0,20.4,0.0,0.0,0.0,2023.0
599,Pachuca,Toluca,2023-09-03,Away,13:00,Liga MX,Apertura 2023 Regular Season,Sun,L,0,5,0.4,4.2,34.0,23711.0,Gustavo Cabral,4-4-2,4-2-3-1,Marco Antonio Ortíz,Match Report,,11.0,4.0,22.3,0.0,0.0,0.0,2023.0
600,Pachuca,Santos,2023-09-18,Home,22:00,Liga MX,Apertura 2023 Regular Season,Mon,W,3,2,1.4,1.7,49.0,4673.0,Gustavo Cabral,4-1-4-1,4-1-3-2,Fernando Hernández,Match Report,,15.0,6.0,17.2,1.0,0.0,0.0,2023.0
601,Pachuca,Guadalajara,2023-09-23,Away,20:00,Liga MX,Apertura 2023 Regular Season,Sat,D,0,0,0.9,0.7,40.0,31370.0,Gustavo Cabral,4-4-2,4-3-3,César Arturo Ramos,Match Report,,4.0,0.0,30.6,0.0,0.0,1.0,2023.0
602,Pachuca,Necaxa,2023-09-30,Home,18:05,Liga MX,Apertura 2023 Regular Season,Sat,D,1,1,1.9,1.0,72.0,8193.0,Gustavo Cabral,4-3-3,4-4-2,Charles Terrazas,Match Report,,20.0,7.0,20.4,1.0,0.0,0.0,2023.0
603,Pachuca,América,2023-10-03,Away,22:00,Liga MX,Apertura 2023 Regular Season,Tue,L,0,4,0.7,2.9,38.0,30479.0,Gustavo Cabral,5-3-2,4-2-3-1,Marco Antonio Ortíz,Match Report,,13.0,5.0,24.4,1.0,0.0,0.0,2023.0
604,Pachuca,UANL,2023-10-07,Home,20:00,Liga MX,Apertura 2023 Regular Season,Sat,D,1,1,1.1,2.1,38.0,7483.0,Erick Sánchez,4-4-2,4-2-3-1,Ismael Lopez,Match Report,,17.0,8.0,19.9,2.0,0.0,0.0,2023.0
605,Pachuca,FC Juárez,2023-10-20,Away,19:06,Liga MX,Apertura 2023 Regular Season,Fri,W,1,0,1.4,1.7,53.0,12078.0,Gustavo Cabral,4-2-3-1,4-2-3-1,Fernando Guerrero,Match Report,,22.0,6.0,18.3,1.0,0.0,0.0,2023.0
606,Pachuca,Puebla,2023-10-28,Home,20:00,Liga MX,Apertura 2023 Regular Season,Sat,D,1,1,2.5,1.2,53.0,7876.0,Gustavo Cabral,4-1-3-2,4-4-2,Jorge Camacho,Match Report,,19.0,3.0,16.9,0.0,0.0,0.0,2023.0
607,Pachuca,Atlas,2023-11-01,Away,19:00,Liga MX,Apertura 2023 Regular Season,Wed,W,2,0,1.4,2.0,42.0,9089.0,Gustavo Cabral,4-4-2,4-5-1,Luis Enrique Santander,Match Report,,16.0,6.0,18.6,1.0,0.0,0.0,2023.0
608,Pachuca,Monterrey,2023-11-04,Home,21:00,Liga MX,Apertura 2023 Regular Season,Sat,L,0,2,1.3,0.5,54.0,19805.0,Gustavo Cabral,4-3-3,4-4-2,Daniel Quintero,Match Report,,25.0,8.0,20.1,0.0,0.0,0.0,2023.0
609,Pachuca,Tijuana,2023-11-10,Away,19:10,Liga MX,Apertura 2023 Regular Season,Fri,W,3,2,1.1,3.0,47.0,26333.0,Gustavo Cabral,4-3-3,4-2-3-1,Fernando Hernández,Match Report,,11.0,5.0,23.2,0.0,0.0,0.0,2023.0
610,Pachuca,Cruz Azul,2024-01-13,Away,19:00,Liga MX,Clausura 2024 Regular Season,Sat,W,1,0,1.4,1.4,42.0,26100.0,Gustavo Cabral,4-2-3-1,4-1-4-1,Iván López,Match Report,,12.0,6.0,20.2,1.0,0.0,0.0,2023.0
611,Pachuca,UNAM,2024-01-28,Away,17:15,Liga MX,Clausura 2024 Regular Season,Sun,L,1,3,1.4,1.1,56.0,21241.0,Gustavo Cabral,4-2-3-1,4-2-3-1,Maximiliano Quintero,Match Report,,26.0,7.0,18.1,2.0,0.0,0.0,2023.0
612,Pachuca,Atlas,2024-01-31,Home,19:00,Liga MX,Clausura 2024 Regular Season,Wed,W,4,3,2.1,1.4,48.0,9205.0,Erick Sánchez,4-2-3-1,4-2-3-1,Daniel Quintero,Match Report,,21.0,6.0,22.3,2.0,0.0,0.0,2023.0
613,Pachuca,Tijuana,2024-02-03,Home,19:10,Liga MX,Clausura 2024 Regular Season,Sat,W,3,2,2.7,1.9,58.0,10137.0,Gustavo Cabral,4-2-3-1,3-5-2,Guillermo Pacheco,Match Report,,24.0,8.0,20.9,1.0,0.0,0.0,2023.0
614,Pachuca,León,2024-02-07,Home,21:00,Liga MX,Clausura 2024 Regular Season,Wed,W,3,2,0.9,1.1,55.0,13291.0,Gustavo Cabral,4-2-3-1,4-5-1,Abraham Quirarte,Match Report,,13.0,5.0,19.8,0.0,0.0,0.0,2023.0
615,Pachuca,Monterrey,2024-02-10,Away,21:10,Liga MX,Clausura 2024 Regular Season,Sat,L,2,3,0.7,2.3,37.0,46211.0,Erick Sánchez,4-2-3-1,4-2-3-1,Fernando Hernández,Match Report,,12.0,3.0,26.2,0.0,0.0,0.0,2023.0
616,Pachuca,América,2024-02-17,Home,19:00,Liga MX,Clausura 2024 Regular Season,Sat,W,2,1,1.9,1.2,40.0,18143.0,Gustavo Cabral,4-2-3-1,4-3-3,Víctor Cáceres,Match Report,,13.0,3.0,21.8,0.0,0.0,0.0,2023.0
617,Pachuca,Puebla,2024-02-20,Away,19:00,Liga MX,Clausura 2024 Regular Season,Tue,W,4,1,2.1,0.3,50.0,10863.0,Gustavo Cabral,4-2-3-1,5-3-2,Maximiliano Quintero,Match Report,,21.0,10.0,15.4,0.0,0.0,0.0,2023.0
618,Pachuca,Necaxa,2024-02-23,Away,21:00,Liga MX,Clausura 2024 Regular Season,Fri,D,1,1,1.5,0.9,67.0,17941.0,Erick Sánchez,4-2-3-1,4-4-1-1,Jorge Camacho,Match Report,,12.0,1.0,24.5,0.0,1.0,1.0,2023.0
619,Pachuca,FC Juárez,2024-03-02,Home,19:00,Liga MX,Clausura 2024 Regular Season,Sat,W,3,2,0.9,0.5,51.0,17896.0,Erick Sánchez,4-2-3-1,4-3-1-2,Abraham Quirarte,Match Report,,14.0,8.0,25.0,1.0,0.0,0.0,2023.0
620,Pachuca,Querétaro,2024-03-09,Home,19:00,Liga MX,Clausura 2024 Regular Season,Sat,L,1,2,1.7,1.2,69.0,18971.0,Roberto de la Rosa,4-2-3-1,3-4-3,Katia García,Match Report,,17.0,4.0,30.4,1.0,1.0,1.0,2023.0
621,Pachuca,Atlético,2024-03-17,Away,19:00,Liga MX,Clausura 2024 Regular Season,Sun,L,1,2,0.6,1.1,56.0,15634.0,Gustavo Cabral,4-2-3-1,4-2-3-1,Víctor Cáceres,Match Report,,19.0,5.0,22.7,0.0,0.0,0.0,2023.0
622,Pachuca,Toluca,2024-03-30,Home,19:00,Liga MX,Clausura 2024 Regular Season,Sat,L,2,3,1.6,1.6,51.0,20059.0,Gustavo Cabral,4-2-3-1,4-2-3-1,Daniel Quintero,Match Report,,10.0,4.0,15.3,0.0,0.0,0.0,2023.0
623,Pachuca,UANL,2024-04-06,Away,19:00,Liga MX,Clausura 2024 Regular Season,Sat,W,3,0,1.0,0.9,33.0,38147.0,Gustavo Cabral,4-2-3-1,4-2-3-1,Fernando Hernández,Match Report,,14.0,6.0,23.5,1.0,0.0,0.0,2023.0
624,Pachuca,Guadalajara,2024-04-13,Home,18:00,Liga MX,Clausura 2024 Regular Season,Sat,L,0,1,0.9,0.4,55.0,20804.0,Gustavo Cabral,4-2-3-1,4-2-3-1,Jesus Lopez,Match Report,,16.0,3.0,19.0,0.0,0.0,0.0,2023.0
625,Pachuca,Santos,2024-04-20,Away,20:05,Liga MX,Clausura 2024 Regular Season,Sat,W,2,0,1.7,0.5,45.0,10309.0,Carlos Moreno,4-2-3-1,4-1-4-1,Ismael Lopez,Match Report,,19.0,8.0,20.3,0.0,0.0,0.0,2023.0
626,Pachuca,Mazatlán,2024-04-27,Home,20:10,Liga MX,Clausura 2024 Regular Season,Sat,D,1,1,1.5,0.9,58.0,17249.0,Carlos Moreno,4-2-3-1,4-2-3-1,Luis Enrique Santander,Match Report,,25.0,6.0,22.0,0.0,0.0,0.0,2023.0
627,Pachuca,UNAM,2024-05-02,Home,22:15,Liga MX,Clausura — 7-seed match,Thu,D,0 (3),0 (5),0.4,0.4,64.0,12168.0,Carlos Moreno,4-2-3-1,4-2-3-1,Adonai Escobedo,Match Report,UNAM won on penalty kicks following extra time,15.0,6.0,27.5,0.0,0.0,0.0,2023.0
628,Pachuca,Necaxa,2024-05-05,Home,21:06,Liga MX,Clausura — 8-seed match,Sun,W,2,1,3.2,0.4,69.0,20102.0,Gustavo Cabral,4-1-4-1,4-2-3-1,Fernando Hernández,Match Report,,19.0,6.0,17.8,2.0,1.0,1.0,2023.0
629,Pachuca,América,2024-05-08,Home,22:16,Liga MX,Clausura — Quarter-finals,Wed,D,1,1,1.4,0.6,48.0,18043.0,Erick Sánchez,4-2-3-1,4-2-3-1,Fernando Guerrero,Match Report,Leg 1 of 2,17.0,6.0,19.5,0.0,0.0,0.0,2023.0
630,Pachuca,América,2024-05-11,Away,19:00,Liga MX,Clausura — Quarter-finals,Sat,D,1,1,0.6,2.0,32.0,46570.0,Gustavo Cabral,4-1-4-1,4-2-3-1,Víctor Cáceres,Match Report,Leg 2 of 2; América won,7.0,2.0,23.1,0.0,0.0,0.0,2023.0
631,Cruz Azul,Atlas,2023-07-01,Away,22:10,Liga MX,Apertura 2023 Regular Season,Sat,L,0,2,0.6,3.1,45.0,20169.0,Carlos Salcedo,4-2-3-1,4-3-3,Víctor Cáceres,Match Report,,10.0,3.0,20.2,1.0,0.0,0.0,2023.0
632,Cruz Azul,Toluca,2023-07-08,Home,18:50,Liga MX,Apertura 2023 Regular Season,Sat,L,0,2,0.5,2.1,44.0,15939.0,Juan Escobar,3-4-3,4-4-2,Ismael Lopez,Match Report,,11.0,4.0,18.9,0.0,0.0,0.0,2023.0
633,Cruz Azul,Tijuana,2023-07-14,Away,20:10,Liga MX,Apertura 2023 Regular Season,Fri,L,1,2,0.8,0.7,50.0,28333.0,Carlos Salcedo,4-2-3-1,4-2-3-1,Edgar Morales,Match Report,,12.0,1.0,21.1,2.0,0.0,0.0,2023.0
634,Cruz Azul,Santos,2023-08-20,Home,18:00,Liga MX,Apertura 2023 Regular Season,Sun,D,2,2,2.3,2.5,59.0,11053.0,Juan Escobar,3-4-3,4-2-3-1,Marco Antonio Ortíz,Match Report,,17.0,7.0,18.6,0.0,1.0,1.0,2023.0
635,Cruz Azul,Pachuca,2023-08-23,Away,20:06,Liga MX,Apertura 2023 Regular Season,Wed,L,0,1,1.4,0.8,68.0,8242.0,Juan Escobar,3-4-3,4-4-2,Jesus Lopez,Match Report,,17.0,7.0,20.4,0.0,0.0,0.0,2023.0
636,Cruz Azul,Monterrey,2023-08-27,Away,21:05,Liga MX,Apertura 2023 Regular Season,Sun,W,2,1,1.3,1.4,46.0,42313.0,Juan Escobar,3-4-3,4-2-3-1,César Arturo Ramos,Match Report,,13.0,6.0,16.1,0.0,0.0,0.0,2023.0
637,Cruz Azul,América,2023-09-02,Home,22:10,Liga MX,Apertura 2023 Regular Season,Sat,L,2,3,1.2,0.6,52.0,36500.0,Juan Escobar,3-4-3,4-2-3-1,Daniel Quintero,Match Report,,11.0,4.0,16.0,2.0,0.0,0.0,2023.0
638,Cruz Azul,Mazatlán,2023-09-15,Away,18:50,Liga MX,Apertura 2023 Regular Season,Fri,D,2,2,1.6,2.2,58.0,11002.0,Juan Escobar,3-4-3,4-2-3-1,Marco Antonio Ortíz,Match Report,,13.0,6.0,15.6,0.0,0.0,0.0,2023.0
639,Cruz Azul,Querétaro,2023-09-24,Home,17:00,Liga MX,Apertura 2023 Regular Season,Sun,L,1,3,2.4,1.9,68.0,23790.0,Juan Escobar,3-4-3,4-4-2,Abraham Quirarte,Match Report,,13.0,7.0,14.6,0.0,0.0,0.0,2023.0
640,Cruz Azul,Atlético,2023-09-29,Away,22:00,Liga MX,Apertura 2023 Regular Season,Fri,W,2,1,1.2,1.9,37.0,21180.0,Juan Escobar,3-4-3,4-4-2,Adonai Escobedo,Match Report,,8.0,1.0,24.3,0.0,1.0,1.0,2023.0
641,Cruz Azul,Necaxa,2023-10-04,Away,20:00,Liga MX,Apertura 2023 Regular Season,Wed,W,3,1,2.2,1.3,58.0,10923.0,Juan Escobar,3-4-3,4-4-2,Fernando Guerrero,Match Report,,16.0,3.0,21.3,1.0,1.0,1.0,2023.0
642,Cruz Azul,UNAM,2023-10-07,Home,22:10,Liga MX,Apertura 2023 Regular Season,Sat,L,1,4,2.0,1.5,61.0,28878.0,Juan Escobar,5-4-1,4-4-2,César Arturo Ramos,Match Report,,15.0,5.0,18.0,1.0,0.0,0.0,2023.0
643,Cruz Azul,UANL,2023-10-21,Away,22:10,Liga MX,Apertura 2023 Regular Season,Sat,L,1,2,0.6,0.9,47.0,41615.0,Charly Rodríguez,3-4-3,4-2-3-1,Edgar Morales,Match Report,,10.0,5.0,25.2,0.0,0.0,0.0,2023.0
644,Cruz Azul,León,2023-10-28,Home,18:00,Liga MX,Apertura 2023 Regular Season,Sat,W,1,0,1.4,0.5,44.0,11001.0,Juan Escobar,3-4-3,5-4-1,Brian Gonzalez,Match Report,,13.0,4.0,19.9,1.0,0.0,0.0,2023.0
645,Cruz Azul,FC Juárez,2023-11-01,Home,19:00,Liga MX,Apertura 2023 Regular Season,Wed,W,2,0,1.2,0.2,60.0,9358.0,Juan Escobar,3-4-3,4-2-3-1,Daniel Quintero,Match Report,,9.0,5.0,14.2,0.0,0.0,0.0,2023.0
646,Cruz Azul,Guadalajara,2023-11-04,Away,21:05,Liga MX,Apertura 2023 Regular Season,Sat,L,0,1,0.9,1.4,54.0,36847.0,Alexis Gutiérrez,3-4-3,4-3-3,Adonai Escobedo,Match Report,,8.0,4.0,15.7,1.0,0.0,0.0,2023.0
647,Cruz Azul,Puebla,2023-11-12,Home,18:00,Liga MX,Apertura 2023 Regular Season,Sun,L,1,2,2.2,1.3,55.0,18653.0,Juan Escobar,3-5-2,4-4-2,Luis Enrique Santander,Match Report,,19.0,7.0,18.4,0.0,0.0,0.0,2023.0
648,Cruz Azul,Pachuca,2024-01-13,Home,19:00,Liga MX,Clausura 2024 Regular Season,Sat,L,0,1,1.4,1.4,58.0,26100.0,Ignacio Rivero,4-1-4-1,4-2-3-1,Iván López,Match Report,,15.0,2.0,21.0,1.0,0.0,0.0,2023.0
649,Cruz Azul,FC Juárez,2024-01-19,Away,20:10,Liga MX,Clausura 2024 Regular Season,Fri,D,0,0,2.0,0.4,71.0,13714.0,Ignacio Rivero,4-1-4-1,4-4-2,Erick Miranda,Match Report,,15.0,3.0,13.8,0.0,0.0,1.0,2023.0
650,Cruz Azul,Mazatlán,2024-01-27,Home,17:00,Liga MX,Clausura 2024 Regular Season,Sat,W,2,1,2.3,0.3,59.0,20032.0,Ignacio Rivero,3-5-2,5-3-2,Luis Enrique Santander,Match Report,,19.0,7.0,14.3,0.0,0.0,0.0,2023.0
651,Cruz Azul,Tijuana,2024-01-30,Home,19:00,Liga MX,Clausura 2024 Regular Season,Tue,W,1,0,1.8,0.6,60.0,16650.0,Ignacio Rivero,3-5-2,3-5-2,Jesus Lopez,Match Report,,16.0,4.0,16.7,0.0,0.0,0.0,2023.0
652,Cruz Azul,Querétaro,2024-02-02,Away,19:00,Liga MX,Clausura 2024 Regular Season,Fri,W,3,1,2.2,0.9,62.0,24777.0,Ignacio Rivero,4-3-3,4-4-2,Jorge Camacho,Match Report,,17.0,10.0,14.6,1.0,0.0,0.0,2023.0
653,Cruz Azul,Atlético,2024-02-10,Home,19:05,Liga MX,Clausura 2024 Regular Season,Sat,W,3,0,3.3,0.6,53.0,23826.0,Charly Rodríguez,5-3-2,4-4-2,Fernando Guerrero,Match Report,,21.0,5.0,18.7,0.0,1.0,1.0,2023.0
654,Cruz Azul,UANL,2024-02-17,Home,21:05,Liga MX,Clausura 2024 Regular Season,Sat,W,1,0,1.0,0.3,64.0,25755.0,Charly Rodríguez,3-4-3,4-2-3-1,Marco Antonio Ortíz,Match Report,,23.0,6.0,19.3,0.0,0.0,0.0,2023.0
655,Cruz Azul,León,2024-02-21,Away,21:00,Liga MX,Clausura 2024 Regular Season,Wed,W,3,2,2.3,0.8,62.0,24618.0,Charly Rodríguez,3-4-3,4-4-2,Diego Montaño,Match Report,,16.0,7.0,18.1,0.0,0.0,0.0,2023.0
656,Cruz Azul,América,2024-02-24,Away,21:10,Liga MX,Clausura 2024 Regular Season,Sat,L,0,1,0.7,0.9,71.0,59032.0,Charly Rodríguez,3-4-3,4-2-3-1,Oscar Mejia,Match Report,,13.0,2.0,18.0,0.0,0.0,0.0,2023.0
657,Cruz Azul,Guadalajara,2024-03-02,Home,19:05,Liga MX,Clausura 2024 Regular Season,Sat,W,3,0,1.2,0.3,63.0,67623.0,Ignacio Rivero,3-4-3,4-3-3,César Arturo Ramos,Match Report,,9.0,3.0,24.6,0.0,0.0,0.0,2023.0
658,Cruz Azul,Santos,2024-03-09,Away,19:00,Liga MX,Clausura 2024 Regular Season,Sat,L,0,3,1.5,1.2,65.0,22007.0,Ignacio Rivero,3-4-3,4-1-4-1,Adonai Escobedo,Match Report,,19.0,4.0,23.0,1.0,0.0,1.0,2023.0
659,Cruz Azul,Necaxa,2024-03-16,Home,17:00,Liga MX,Clausura 2024 Regular Season,Sat,L,1,2,1.7,1.5,77.0,25580.0,Ignacio Rivero,3-4-3,4-1-3-2,Fernando Guerrero,Match Report,,23.0,5.0,19.1,1.0,0.0,0.0,2023.0
660,Cruz Azul,UNAM,2024-03-30,Away,21:05,Liga MX,Clausura 2024 Regular Season,Sat,D,0,0,0.4,0.9,57.0,41121.0,Ignacio Rivero,4-1-3-2,4-4-2,Fernando Hernández,Match Report,,12.0,1.0,22.2,0.0,0.0,0.0,2023.0
661,Cruz Azul,Monterrey,2024-04-06,Home,21:05,Liga MX,Clausura 2024 Regular Season,Sat,W,2,1,0.9,0.1,55.0,13585.0,Ignacio Rivero,3-1-4-2,4-2-3-1,Marco Antonio Ortíz,Match Report,,16.0,3.0,19.2,0.0,0.0,0.0,2023.0
662,Cruz Azul,Puebla,2024-04-12,Away,22:00,Liga MX,Clausura 2024 Regular Season,Fri,W,1,0,2.4,1.0,68.0,31289.0,Ignacio Rivero,3-1-4-2,5-3-2,Katia García,Match Report,,23.0,4.0,21.9,0.0,1.0,1.0,2023.0
663,Cruz Azul,Atlas,2024-04-21,Home,19:00,Liga MX,Clausura 2024 Regular Season,Sun,D,2,2,3.1,2.6,67.0,20543.0,Ignacio Rivero,4-2-3-1,4-2-3-1,Luis Enrique Santander,Match Report,,29.0,7.0,12.9,0.0,0.0,0.0,2023.0
664,Cruz Azul,Toluca,2024-04-27,Away,20:00,Liga MX,Clausura 2024 Regular Season,Sat,W,1,0,0.8,2.2,41.0,27273.0,Ignacio Rivero,3-1-4-2,4-2-3-1,Fernando Guerrero,Match Report,,11.0,5.0,25.6,0.0,0.0,0.0,2023.0
665,Cruz Azul,UNAM,2024-05-09,Away,20:00,Liga MX,Clausura — Quarter-finals,Thu,W,2,0,2.1,0.7,54.0,40418.0,Ignacio Rivero,3-1-4-2,4-2-3-1,Luis Enrique Santander,Match Report,Leg 1 of 2,16.0,8.0,22.6,0.0,0.0,0.0,2023.0
666,Cruz Azul,UNAM,2024-05-12,Home,20:00,Liga MX,Clausura — Quarter-finals,Sun,D,2,2,2.6,0.9,42.0,27228.0,Ignacio Rivero,5-4-1,4-2-3-1,Daniel Quintero,Match Report,Leg 2 of 2; Cruz Azul won,8.0,3.0,14.4,0.0,0.0,0.0,2023.0
667,Cruz Azul,Monterrey,2024-05-16,Away,22:00,Liga MX,Clausura — Semi-finals,Thu,W,1,0,0.6,0.7,41.0,51708.0,Charly Rodríguez,3-1-4-2,4-4-2,Daniel Quintero,Match Report,Leg 1 of 2,10.0,5.0,20.6,1.0,0.0,0.0,2023.0
668,Cruz Azul,Monterrey,2024-05-19,Home,19:00,Liga MX,Clausura — Semi-finals,Sun,L,1,2,1.7,2.5,32.0,28403.0,Ignacio Rivero,5-4-1,4-4-2,Fernando Guerrero,Match Report,Leg 2 of 2; Cruz Azul won,9.0,5.0,15.0,1.0,0.0,0.0,2023.0
669,Cruz Azul,América,2024-05-23,Home,21:00,Liga MX,Clausura — Finals,Thu,D,1,1,1.2,2.3,63.0,27224.0,Ignacio Rivero,5-4-1,4-2-3-1,Fernando Hernández,Match Report,Leg 1 of 2,6.0,2.0,19.9,0.0,1.0,1.0,2023.0
670,Cruz Azul,América,2024-05-26,Away,20:00,Liga MX,Clausura — Finals,Sun,L,0,1,1.3,1.6,53.0,73604.0,Ignacio Rivero,3-5-1-1,4-2-3-1,Marco Antonio Ortíz,Match Report,Leg 2 of 2; América won,13.0,5.0,18.5,0.0,0.0,0.0,2023.0
671,Leon,Guadalajara,2023-07-03,Home,21:00,Liga MX,Apertura 2023 Regular Season,Mon,L,1,2,2.0,1.3,70.0,24120.0,William Tesillo,3-4-3,4-3-3,Oscar Mejia,Match Report,,28.0,8.0,18.3,1.0,0.0,0.0,2023.0
672,Leon,Pachuca,2023-07-10,Home,21:00,Liga MX,Apertura 2023 Regular Season,Mon,W,4,0,2.3,1.4,55.0,15015.0,William Tesillo,3-4-3,4-4-2,Jorge Camacho,Match Report,,12.0,7.0,16.5,0.0,0.0,0.0,2023.0
673,Leon,UANL,2023-07-15,Away,22:05,Liga MX,Apertura 2023 Regular Season,Sat,L,0,1,1.2,1.2,55.0,41615.0,William Tesillo,3-4-3,3-4-3,Ismael Lopez,Match Report,,17.0,7.0,19.7,0.0,0.0,0.0,2023.0
674,Leon,Mazatlán,2023-08-18,Home,20:06,Liga MX,Apertura 2023 Regular Season,Fri,W,2,1,1.4,1.9,58.0,23703.0,William Tesillo,3-4-3,4-2-3-1,Maximiliano Quintero,Match Report,,15.0,4.0,16.3,0.0,0.0,0.0,2023.0
675,Leon,Atlético,2023-08-23,Away,22:00,Liga MX,Apertura 2023 Regular Season,Wed,L,0,3,1.3,0.6,46.0,12277.0,William Tesillo,3-4-3,4-2-3-1,Edgar Morales,Match Report,,12.0,4.0,18.6,0.0,0.0,0.0,2023.0
676,Leon,América,2023-08-26,Away,20:00,Liga MX,Apertura 2023 Regular Season,Sat,D,1,1,0.7,1.6,46.0,30701.0,William Tesillo,3-4-3,4-2-3-1,Óscar Macias,Match Report,,10.0,2.0,21.9,0.0,0.0,0.0,2023.0
677,Leon,Necaxa,2023-09-02,Home,18:00,Liga MX,Apertura 2023 Regular Season,Sat,D,1,1,1.1,0.5,80.0,17426.0,William Tesillo,3-4-3,3-5-2,Víctor Cáceres,Match Report,,22.0,7.0,20.3,1.0,0.0,0.0,2023.0
678,Leon,Monterrey,2023-09-16,Away,20:00,Liga MX,Apertura 2023 Regular Season,Sat,L,1,3,0.8,1.2,47.0,41807.0,William Tesillo,3-4-3,4-4-2,Luis Enrique Santander,Match Report,,13.0,7.0,20.4,0.0,0.0,0.0,2023.0
679,Leon,Tijuana,2023-09-23,Home,20:00,Liga MX,Apertura 2023 Regular Season,Sat,W,1,0,1.1,0.1,55.0,16428.0,Rodolfo Cota,4-3-3,4-4-2,Fernando Guerrero,Match Report,,17.0,7.0,16.2,0.0,0.0,0.0,2023.0
680,Leon,Querétaro,2023-09-29,Away,20:00,Liga MX,Apertura 2023 Regular Season,Fri,D,1,1,1.1,1.3,62.0,11179.0,Rodolfo Cota,3-4-3,4-4-2,Guillermo Pacheco,Match Report,,17.0,3.0,19.5,1.0,0.0,0.0,2023.0
681,Leon,Santos,2023-10-08,Away,20:05,Liga MX,Apertura 2023 Regular Season,Sun,W,2,0,2.1,0.3,74.0,7429.0,Rodolfo Cota,4-1-3-2,4-2-3-1,Marco Antonio Ortíz,Match Report,,22.0,9.0,18.0,2.0,0.0,0.0,2023.0
682,Leon,Toluca,2023-10-21,Home,18:00,Liga MX,Apertura 2023 Regular Season,Sat,W,1,0,1.2,1.3,41.0,20050.0,Rodolfo Cota,4-1-2-1-2◆,4-2-3-1,Oscar Mejia,Match Report,,16.0,7.0,16.1,0.0,0.0,0.0,2023.0
683,Leon,Atlas,2023-10-24,Home,20:00,Liga MX,Apertura 2023 Regular Season,Tue,D,1,1,1.2,1.1,64.0,24899.0,Rodolfo Cota,4-3-3,5-4-1,Diego Montaño,Match Report,,17.0,4.0,20.6,1.0,0.0,0.0,2023.0
684,Leon,Cruz Azul,2023-10-28,Away,18:00,Liga MX,Apertura 2023 Regular Season,Sat,L,0,1,0.5,1.4,56.0,11001.0,Rodolfo Cota,5-4-1,3-4-3,Brian Gonzalez,Match Report,,8.0,3.0,19.3,0.0,0.0,0.0,2023.0
685,Leon,UNAM,2023-10-31,Home,21:10,Liga MX,Apertura 2023 Regular Season,Tue,D,1,1,1.3,0.9,65.0,22898.0,William Tesillo,5-4-1,4-2-3-1,Adonai Escobedo,Match Report,,22.0,5.0,19.5,1.0,0.0,0.0,2023.0
686,Leon,Puebla,2023-11-03,Away,21:00,Liga MX,Apertura 2023 Regular Season,Fri,L,4,5,3.1,1.4,53.0,12254.0,William Tesillo,4-4-2,4-4-2,Edgar Morales,Match Report,,16.0,8.0,11.2,0.0,0.0,0.0,2023.0
687,Leon,FC Juárez,2023-11-12,Home,20:05,Liga MX,Apertura 2023 Regular Season,Sun,W,2,1,2.0,0.3,65.0,25288.0,William Tesillo,4-4-2,4-1-4-1,Ismael Lopez,Match Report,,22.0,8.0,16.4,0.0,0.0,0.0,2023.0
688,Leon,Atlético,2023-11-23,Away,19:00,Liga MX,Apertura — 7-seed match,Thu,L,2,3,1.0,0.6,56.0,11295.0,William Tesillo,4-4-2,4-2-3-1,Adonai Escobedo,Match Report,,16.0,4.0,16.1,0.0,0.0,0.0,2023.0
689,Leon,Santos,2023-11-26,Home,20:06,Liga MX,Apertura — 8-seed match,Sun,W,3,2,1.6,1.9,41.0,25672.0,William Tesillo,4-4-2,4-2-3-1,César Arturo Ramos,Match Report,,13.0,4.0,21.5,0.0,0.0,0.0,2023.0
690,Leon,América,2023-11-29,Home,19:06,Liga MX,Apertura — Quarter-finals,Wed,D,2,2,1.3,2.2,41.0,25823.0,William Tesillo,3-4-3,4-2-3-1,Marco Antonio Ortíz,Match Report,Leg 1 of 2,12.0,3.0,19.0,0.0,0.0,0.0,2023.0
691,Leon,América,2023-12-02,Away,19:00,Liga MX,Apertura — Quarter-finals,Sat,L,0,2,0.3,2.3,49.0,65000.0,William Tesillo,5-3-2,4-2-3-1,Fernando Guerrero,Match Report,Leg 2 of 2; América won,7.0,0.0,21.1,0.0,0.0,0.0,2023.0
692,Leon,UANL,2024-01-17,Home,19:00,Liga MX,Clausura 2024 Regular Season,Wed,L,1,2,1.5,1.4,44.0,23531.0,Rodolfo Cota,4-3-3,4-1-4-1,Jesus Lopez,Match Report,,19.0,6.0,14.9,0.0,0.0,0.0,2023.0
693,Leon,Santos,2024-01-27,Home,17:00,Liga MX,Clausura 2024 Regular Season,Sat,W,3,2,1.5,1.3,70.0,18271.0,Rodolfo Cota,4-3-3,4-2-3-1,Daniel Quintero,Match Report,,12.0,4.0,24.0,1.0,1.0,1.0,2023.0
694,Leon,Mazatlán,2024-01-30,Away,18:00,Liga MX,Clausura 2024 Regular Season,Tue,D,2,2,1.8,0.5,48.0,9150.0,Rodolfo Cota,4-5-1,4-3-3,Edgar Morales,Match Report,,11.0,5.0,22.9,0.0,1.0,1.0,2023.0
695,Leon,Toluca,2024-02-03,Away,17:00,Liga MX,Clausura 2024 Regular Season,Sat,L,1,4,0.6,2.1,39.0,25171.0,Rodolfo Cota,4-5-1,4-2-3-1,Ismael Lopez,Match Report,,8.0,3.0,20.5,0.0,0.0,0.0,2023.0
696,Leon,Pachuca,2024-02-07,Away,21:00,Liga MX,Clausura 2024 Regular Season,Wed,L,2,3,1.1,0.9,45.0,13291.0,Andrés Guardado,4-5-1,4-2-3-1,Abraham Quirarte,Match Report,,14.0,7.0,21.2,1.0,0.0,0.0,2023.0
697,Leon,América,2024-02-10,Home,19:00,Liga MX,Clausura 2024 Regular Season,Sat,L,0,1,1.1,2.5,41.0,23304.0,Andrés Guardado,4-4-2,4-2-3-1,Marco Antonio Ortíz,Match Report,,16.0,5.0,18.2,0.0,0.0,0.0,2023.0
698,Leon,Atlas,2024-02-18,Away,16:00,Liga MX,Clausura 2024 Regular Season,Sun,W,1,0,1.8,1.5,26.0,16881.0,Rodolfo Cota,4-4-2,4-4-2,Jesus Lopez,Match Report,,14.0,0.0,19.9,0.0,1.0,1.0,2023.0
699,Leon,Cruz Azul,2024-02-21,Home,21:00,Liga MX,Clausura 2024 Regular Season,Wed,L,2,3,0.8,2.3,38.0,24618.0,Rodolfo Cota,4-4-2,3-4-3,Diego Montaño,Match Report,,6.0,2.0,17.1,0.0,0.0,0.0,2023.0
700,Leon,Atlético,2024-02-24,Home,17:00,Liga MX,Clausura 2024 Regular Season,Sat,W,1,0,1.1,1.1,36.0,20780.0,Rodolfo Cota,4-4-2,5-4-1,Iván López,Match Report,,20.0,7.0,15.5,0.0,0.0,0.0,2023.0
701,Leon,Tijuana,2024-03-03,Away,19:00,Liga MX,Clausura 2024 Regular Season,Sun,D,1,1,1.1,1.7,43.0,17333.0,Rodolfo Cota,4-4-2,4-4-2,Guillermo Pacheco,Match Report,,9.0,5.0,19.3,0.0,0.0,0.0,2023.0
702,Leon,Guadalajara,2024-03-09,Away,17:05,Liga MX,Clausura 2024 Regular Season,Sat,W,2,1,1.5,1.7,34.0,33541.0,Rodolfo Cota,4-4-2,4-3-3,Daniel Quintero,Match Report,,9.0,3.0,21.7,1.0,1.0,1.0,2023.0
703,Leon,Puebla,2024-03-16,Home,19:00,Liga MX,Clausura 2024 Regular Season,Sat,W,2,1,2.6,1.2,41.0,22994.0,Rodolfo Cota,4-4-2,4-4-2,Karen Hernández,Match Report,,14.0,4.0,14.5,0.0,0.0,0.0,2023.0
704,Leon,Necaxa,2024-03-31,Away,19:00,Liga MX,Clausura 2024 Regular Season,Sun,W,2,1,2.0,1.3,59.0,19574.0,Rodolfo Cota,4-4-2,4-1-3-2,Víctor Cáceres,Match Report,,16.0,9.0,19.5,0.0,0.0,0.0,2023.0
705,Leon,Querétaro,2024-04-06,Home,17:00,Liga MX,Clausura 2024 Regular Season,Sat,L,0,2,1.0,2.0,69.0,22435.0,Rodolfo Cota,4-2-3-1,4-1-2-1-2,Adonai Escobedo,Match Report,,24.0,5.0,21.0,1.0,0.0,0.0,2023.0
706,Leon,UNAM,2024-04-14,Away,19:00,Liga MX,Clausura 2024 Regular Season,Sun,L,0,1,0.5,1.5,38.0,23127.0,Rodolfo Cota,4-2-3-1,4-4-1-1,Daniel Quintero,Match Report,,11.0,4.0,23.2,1.0,0.0,0.0,2023.0
707,Leon,Monterrey,2024-04-20,Home,18:00,Liga MX,Clausura 2024 Regular Season,Sat,W,2,0,1.8,0.8,47.0,27032.0,Rodolfo Cota,4-2-3-1,4-4-2,Víctor Cáceres,Match Report,,17.0,6.0,20.1,0.0,0.0,0.0,2023.0
708,Leon,FC Juárez,2024-04-27,Away,17:06,Liga MX,Clausura 2024 Regular Season,Sat,D,1,1,1.7,0.9,49.0,10077.0,Rodolfo Cota,4-2-3-1,4-5-1,Adonai Escobedo,Match Report,,18.0,4.0,15.3,0.0,0.0,0.0,2023.0
709,Queretaro,Santos,2023-07-02,Away,20:05,Liga MX,Apertura 2023 Regular Season,Sun,W,2,0,0.5,0.8,44.0,12433.0,Pablo Barrera,4-1-3-2,4-2-3-1,Abraham Quirarte,Match Report,,12.0,3.0,20.9,2.0,0.0,0.0,2023.0
710,Queretaro,Atlético,2023-07-15,Away,18:00,Liga MX,Apertura 2023 Regular Season,Sat,L,1,4,0.6,1.7,41.0,12310.0,Pablo Barrera,4-4-2,4-2-3-1,Daniel Quintero,Match Report,,13.0,4.0,24.2,1.0,0.0,0.0,2023.0
711,Queretaro,Pachuca,2023-08-20,Home,20:06,Liga MX,Apertura 2023 Regular Season,Sun,D,1,1,0.6,1.3,42.0,6486.0,Pablo Barrera,4-4-2,4-4-2,Vicente Arce,Match Report,,12.0,1.0,19.9,2.0,0.0,0.0,2023.0
712,Queretaro,Necaxa,2023-08-27,Away,17:00,Liga MX,Apertura 2023 Regular Season,Sun,W,1,0,1.6,0.4,48.0,7289.0,Pablo Barrera,4-4-2,4-1-4-1,Daniel Quintero,Match Report,,17.0,6.0,20.4,1.0,0.0,0.0,2023.0
713,Queretaro,Atlas,2023-08-30,Home,20:06,Liga MX,Apertura 2023 Regular Season,Wed,L,1,2,1.2,0.8,40.0,9140.0,Pablo Barrera,4-2-3-1,4-3-3,Fernando Hernández,Match Report,,14.0,4.0,18.5,0.0,0.0,0.0,2023.0
714,Queretaro,UANL,2023-09-02,Away,20:05,Liga MX,Apertura 2023 Regular Season,Sat,L,0,5,0.5,3.5,40.0,40273.0,Pablo Barrera,4-2-3-1,4-2-3-1,Ismael Lopez,Match Report,,12.0,2.0,19.7,2.0,0.0,0.0,2023.0
715,Queretaro,Puebla,2023-09-17,Home,18:00,Liga MX,Apertura 2023 Regular Season,Sun,D,1,1,1.7,1.8,30.0,8380.0,Pablo Barrera,4-4-2,4-4-2,Víctor Cáceres,Match Report,,19.0,5.0,17.3,1.0,0.0,0.0,2023.0
716,Queretaro,América,2023-09-20,Home,21:06,Liga MX,Apertura 2023 Regular Season,Wed,L,1,2,0.8,1.0,33.0,31296.0,Pablo Barrera,4-4-2,4-2-3-1,Diego Montaño,Match Report,,9.0,2.0,17.8,1.0,0.0,0.0,2023.0
717,Queretaro,Cruz Azul,2023-09-24,Away,17:00,Liga MX,Apertura 2023 Regular Season,Sun,W,3,1,1.9,2.4,32.0,23790.0,Pablo Barrera,4-4-2,3-4-3,Abraham Quirarte,Match Report,,13.0,7.0,16.2,0.0,0.0,0.0,2023.0
718,Queretaro,León,2023-09-29,Home,20:00,Liga MX,Apertura 2023 Regular Season,Fri,D,1,1,1.3,1.1,38.0,11179.0,Pablo Barrera,4-4-2,3-4-3,Guillermo Pacheco,Match Report,,15.0,3.0,18.7,0.0,0.0,0.0,2023.0
719,Queretaro,UNAM,2023-10-04,Away,20:00,Liga MX,Apertura 2023 Regular Season,Wed,L,0,4,0.2,1.9,32.0,8074.0,Pablo Barrera,4-4-2,4-2-3-1,Luis Enrique Santander,Match Report,,7.0,2.0,23.7,1.0,0.0,0.0,2023.0
720,Queretaro,Toluca,2023-10-08,Away,13:00,Liga MX,Apertura 2023 Regular Season,Sun,L,1,3,1.1,3.6,27.0,21941.0,Pablo Barrera,4-4-2,4-2-3-1,Fernando Hernández,Match Report,,11.0,5.0,19.4,0.0,0.0,0.0,2023.0
721,Queretaro,Tijuana,2023-10-21,Home,20:06,Liga MX,Apertura 2023 Regular Season,Sat,W,1,0,1.6,0.6,50.0,7908.0,Pablo Barrera,4-4-2,4-1-4-1,Óscar Macias,Match Report,,13.0,3.0,16.2,1.0,0.0,0.0,2023.0
722,Queretaro,Mazatlán,2023-10-27,Away,21:00,Liga MX,Apertura 2023 Regular Season,Fri,L,0,3,1.9,1.8,36.0,9707.0,Pablo Barrera,4-4-2,4-4-2,Luis Enrique Santander,Match Report,,10.0,1.0,14.6,0.0,0.0,1.0,2023.0
723,Queretaro,Guadalajara,2023-10-31,Home,19:00,Liga MX,Apertura 2023 Regular Season,Tue,L,1,2,2.0,3.3,49.0,23204.0,Pablo Barrera,4-4-2,4-3-3,César Arturo Ramos,Match Report,,18.0,4.0,15.8,0.0,1.0,1.0,2023.0
724,Queretaro,FC Juárez,2023-11-05,Away,19:06,Liga MX,Apertura 2023 Regular Season,Sun,W,3,0,2.2,0.9,43.0,8640.0,Pablo Barrera,4-1-4-1,4-4-2,Marco Antonio Ortíz,Match Report,,10.0,7.0,10.5,0.0,0.0,0.0,2023.0
725,Queretaro,Monterrey,2023-11-11,Home,17:00,Liga MX,Apertura 2023 Regular Season,Sat,D,0,0,1.6,0.8,36.0,16717.0,Kevin Escamilla,4-4-2,4-1-4-1,Víctor Cáceres,Match Report,,10.0,3.0,15.3,0.0,0.0,0.0,2023.0
726,Queretaro,Toluca,2024-01-12,Home,19:00,Liga MX,Clausura 2024 Regular Season,Fri,D,2,2,0.7,1.1,35.0,13428.0,Pablo Barrera,4-4-2,5-4-1,Abraham Quirarte,Match Report,,11.0,4.0,18.1,0.0,0.0,0.0,2023.0
727,Queretaro,América,2024-01-20,Away,19:05,Liga MX,Clausura 2024 Regular Season,Sat,L,0,2,0.2,2.3,28.0,31564.0,Pablo Barrera,4-4-2,4-2-3-1,Maximiliano Quintero,Match Report,,4.0,0.0,22.8,0.0,0.0,0.0,2023.0
728,Queretaro,Monterrey,2024-01-24,Away,19:00,Liga MX,Clausura 2024 Regular Season,Wed,D,1,1,0.8,1.9,36.0,32263.0,Kevin Escamilla,4-5-1,4-4-2,Marco Antonio Ortíz,Match Report,,8.0,3.0,19.5,0.0,0.0,0.0,2023.0
729,Queretaro,UANL,2024-01-28,Home,21:00,Liga MX,Clausura 2024 Regular Season,Sun,D,1,1,0.6,2.2,30.0,14846.0,Kevin Escamilla,4-4-2,5-3-2,Ismael Lopez,Match Report,,10.0,3.0,17.2,0.0,0.0,0.0,2023.0
730,Queretaro,Cruz Azul,2024-02-02,Home,19:00,Liga MX,Clausura 2024 Regular Season,Fri,L,1,3,0.9,2.2,38.0,24777.0,Kevin Escamilla,4-4-2,4-3-3,Jorge Camacho,Match Report,,8.0,2.0,19.5,0.0,0.0,0.0,2023.0
731,Queretaro,Tijuana,2024-02-09,Away,19:10,Liga MX,Clausura 2024 Regular Season,Fri,D,1,1,0.7,0.9,39.0,14333.0,Kevin Escamilla,4-4-2,4-3-3,Adonai Escobedo,Match Report,,6.0,3.0,16.1,1.0,0.0,0.0,2023.0
732,Queretaro,Necaxa,2024-02-16,Home,19:00,Liga MX,Clausura 2024 Regular Season,Fri,D,1,1,0.3,1.0,39.0,9590.0,Kevin Escamilla,4-4-2,4-1-3-2,Fernando Hernández,Match Report,,11.0,3.0,27.7,1.0,0.0,0.0,2023.0
733,Queretaro,Puebla,2024-02-23,Away,19:00,Liga MX,Clausura 2024 Regular Season,Fri,W,2,0,1.6,0.9,32.0,9480.0,Kevin Escamilla,4-4-2,4-2-2-2,Jesus Lopez,Match Report,,15.0,3.0,15.6,1.0,0.0,0.0,2023.0
734,Queretaro,Atlético,2024-02-27,Home,19:00,Liga MX,Clausura 2024 Regular Season,Tue,W,4,1,2.5,0.8,30.0,8784.0,Kevin Escamilla,4-4-2,5-3-2,Edgar Morales,Match Report,,20.0,5.0,20.1,0.0,1.0,1.0,2023.0
735,Queretaro,Santos,2024-03-01,Home,19:00,Liga MX,Clausura 2024 Regular Season,Fri,L,0,1,0.3,1.1,42.0,12004.0,Kevin Escamilla,3-4-3,4-4-2,Brian Gonzalez,Match Report,,12.0,2.0,21.4,1.0,0.0,0.0,2023.0
736,Queretaro,Pachuca,2024-03-09,Away,19:00,Liga MX,Clausura 2024 Regular Season,Sat,W,2,1,1.2,1.7,31.0,18971.0,Kevin Escamilla,3-4-3,4-2-3-1,Katia García,Match Report,,9.0,3.0,13.9,0.0,0.0,0.0,2023.0
737,Queretaro,FC Juárez,2024-03-15,Home,19:00,Liga MX,Clausura 2024 Regular Season,Fri,W,1,0,0.4,1.0,34.0,9603.0,Kevin Escamilla,4-4-2,4-2-3-1,Luis Enrique Santander,Match Report,,11.0,3.0,20.6,0.0,0.0,0.0,2023.0
738,Queretaro,Atlas,2024-03-31,Away,17:00,Liga MX,Clausura 2024 Regular Season,Sun,W,3,2,1.5,1.8,51.0,13379.0,Kevin Escamilla,3-5-2,4-2-3-1,César Arturo Ramos,Match Report,,11.0,5.0,17.2,0.0,1.0,1.0,2023.0
739,Queretaro,León,2024-04-06,Away,17:00,Liga MX,Clausura 2024 Regular Season,Sat,W,2,0,2.0,1.0,31.0,22435.0,Kevin Escamilla,4-1-2-1-2◆,4-2-3-1,Adonai Escobedo,Match Report,,7.0,3.0,18.3,0.0,1.0,1.0,2023.0
740,Queretaro,Mazatlán,2024-04-12,Home,20:06,Liga MX,Clausura 2024 Regular Season,Fri,L,0,2,0.6,1.9,38.0,13685.0,Kevin Escamilla,4-4-2,4-2-3-1,Marco Antonio Ortíz,Match Report,,8.0,0.0,20.1,0.0,0.0,0.0,2023.0
741,Queretaro,Guadalajara,2024-04-20,Away,20:05,Liga MX,Clausura 2024 Regular Season,Sat,L,0,2,0.8,0.8,38.0,37040.0,Kevin Escamilla,4-4-2,4-2-3-1,Oscar Mejia,Match Report,,5.0,0.0,18.6,1.0,0.0,0.0,2023.0
742,Queretaro,UNAM,2024-04-26,Home,22:10,Liga MX,Clausura 2024 Regular Season,Fri,D,1,1,1.9,1.1,42.0,26265.0,Kevin Escamilla,4-4-2,4-2-3-1,Ismael Lopez,Match Report,,16.0,4.0,17.0,0.0,0.0,0.0,2023.0
743,Queretaro,Necaxa,2024-05-02,Away,20:00,Liga MX,Clausura — 9/10 match,Thu,D,1 (2),1 (3),0.7,0.9,55.0,13435.0,Kevin Escamilla,4-4-2,4-2-3-1,Daniel Quintero,Match Report,Necaxa won on penalty kicks following extra time,16.0,2.0,19.0,0.0,0.0,0.0,2023.0
744,Necaxa,Toluca,2023-07-02,Away,13:00,Liga MX,Apertura 2023 Regular Season,Sun,D,0,0,1.1,1.2,31.0,23011.0,Alexis Francisco Peña,5-4-1,4-4-2,Iván López,Match Report,,9.0,3.0,17.7,0.0,0.0,0.0,2023.0
745,Necaxa,Tijuana,2023-07-07,Home,22:00,Liga MX,Apertura 2023 Regular Season,Fri,D,1,1,1.2,1.3,41.0,13028.0,Alexis Francisco Peña,5-4-1,4-2-3-1,Oscar Mejia,Match Report,,15.0,6.0,19.1,1.0,0.0,0.0,2023.0
746,Necaxa,Guadalajara,2023-07-13,Away,22:00,Liga MX,Apertura 2023 Regular Season,Thu,L,0,2,0.6,1.4,44.0,34418.0,Alexis Francisco Peña,5-4-1,4-1-4-1,Jesus Lopez,Match Report,,13.0,1.0,21.6,0.0,0.0,0.0,2023.0
747,Necaxa,UANL,2023-08-20,Home,22:10,Liga MX,Apertura 2023 Regular Season,Sun,L,0,3,1.0,1.4,39.0,13585.0,Alexis Francisco Peña,5-4-1,4-2-3-1,Guillermo Pacheco,Match Report,,9.0,1.0,16.2,0.0,0.0,0.0,2023.0
748,Necaxa,América,2023-08-23,Away,20:00,Liga MX,Apertura 2023 Regular Season,Wed,L,2,3,0.6,2.4,30.0,19085.0,Alexis Francisco Peña,5-4-1,4-2-3-1,Marco Ortíz,Match Report,,9.0,3.0,19.4,0.0,0.0,0.0,2023.0
749,Necaxa,Querétaro,2023-08-27,Home,17:00,Liga MX,Apertura 2023 Regular Season,Sun,L,0,1,0.4,1.6,52.0,7289.0,Alexis Francisco Peña,4-1-4-1,4-4-2,Daniel Quintero,Match Report,,11.0,3.0,21.3,0.0,0.0,0.0,2023.0
750,Necaxa,León,2023-09-02,Away,18:00,Liga MX,Apertura 2023 Regular Season,Sat,D,1,1,0.5,1.1,20.0,17426.0,Alexis Francisco Peña,3-5-2,3-4-3,Víctor Cáceres,Match Report,,8.0,3.0,17.2,0.0,0.0,0.0,2023.0
751,Necaxa,FC Juárez,2023-09-16,Home,18:00,Liga MX,Apertura 2023 Regular Season,Sat,D,1,1,1.4,0.4,43.0,7195.0,Alexis Francisco Peña,4-4-2,4-2-3-1,Brian Gonzalez,Match Report,,8.0,0.0,21.7,0.0,1.0,1.0,2023.0
752,Necaxa,Santos,2023-09-24,Away,21:05,Liga MX,Apertura 2023 Regular Season,Sun,W,5,2,1.4,3.2,36.0,10038.0,Alexis Francisco Peña,4-4-2,4-2-3-1,Oscar Mejia,Match Report,,14.0,5.0,21.6,0.0,0.0,0.0,2023.0
753,Necaxa,Pachuca,2023-09-30,Away,18:05,Liga MX,Apertura 2023 Regular Season,Sat,D,1,1,1.0,1.9,28.0,8193.0,Alexis Francisco Peña,4-4-2,4-3-3,Charles Terrazas,Match Report,,11.0,5.0,20.9,0.0,0.0,0.0,2023.0
754,Necaxa,Cruz Azul,2023-10-04,Home,20:00,Liga MX,Apertura 2023 Regular Season,Wed,L,1,3,1.3,2.2,42.0,10923.0,Alexis Francisco Peña,4-4-2,3-4-3,Fernando Guerrero,Match Report,,9.0,1.0,20.0,1.0,1.0,1.0,2023.0
755,Necaxa,Puebla,2023-10-08,Home,18:00,Liga MX,Apertura 2023 Regular Season,Sun,L,1,2,1.7,1.1,53.0,7463.0,Alexis Francisco Peña,4-4-2,4-4-2,Guillermo Pacheco,Match Report,,16.0,7.0,18.0,0.0,0.0,0.0,2023.0
756,Necaxa,Atlético,2023-10-22,Away,19:00,Liga MX,Apertura 2023 Regular Season,Sun,L,0,4,0.5,1.0,35.0,14939.0,Alexis Francisco Peña,4-1-2-1-2◆,4-2-3-1,Fernando Hernández,Match Report,,9.0,1.0,17.6,0.0,0.0,0.0,2023.0
757,Necaxa,UNAM,2023-10-27,Home,20:00,Liga MX,Apertura 2023 Regular Season,Fri,W,1,0,0.9,0.5,49.0,12201.0,Alexis Francisco Peña,4-4-2,4-2-3-1,Abraham Quirarte,Match Report,,15.0,3.0,22.6,0.0,0.0,0.0,2023.0
758,Necaxa,Monterrey,2023-10-31,Away,21:10,Liga MX,Apertura 2023 Regular Season,Tue,L,0,3,0.2,1.0,30.0,25292.0,Alexis Francisco Peña,4-1-4-1,4-2-3-1,Oscar Mejia,Match Report,,6.0,1.0,15.8,0.0,0.0,0.0,2023.0
759,Necaxa,Mazatlán,2023-11-05,Home,16:00,Liga MX,Apertura 2023 Regular Season,Sun,W,4,0,1.8,0.9,46.0,6789.0,Alexis Francisco Peña,4-4-2,4-2-3-1,César Arturo Ramos,Match Report,,15.0,5.0,15.3,0.0,0.0,0.0,2023.0
760,Necaxa,Atlas,2023-11-10,Away,19:00,Liga MX,Apertura 2023 Regular Season,Fri,D,0,0,0.5,0.5,44.0,11128.0,Alexis Francisco Peña,4-4-2,4-3-3,Guillermo Pacheco,Match Report,,13.0,7.0,22.9,1.0,0.0,0.0,2023.0
761,Necaxa,Atlas,2024-01-14,Home,18:00,Liga MX,Clausura 2024 Regular Season,Sun,W,2,1,1.4,0.3,53.0,13663.0,Alexis Francisco Peña,4-4-2,5-3-2,Ismael Lopez,Match Report,,14.0,5.0,12.7,0.0,0.0,0.0,2023.0
762,Necaxa,Puebla,2024-01-19,Away,19:00,Liga MX,Clausura 2024 Regular Season,Fri,W,2,1,1.2,1.8,41.0,11272.0,Alexis Francisco Peña,4-4-2,4-4-2,Vicente Arce,Match Report,,11.0,4.0,16.7,0.0,0.0,0.0,2023.0
763,Necaxa,América,2024-01-27,Home,21:05,Liga MX,Clausura 2024 Regular Season,Sat,D,0,0,0.6,0.6,31.0,20837.0,Alexis Francisco Peña,4-4-2,4-3-3,Diego Montaño,Match Report,,9.0,5.0,20.9,0.0,0.0,0.0,2023.0
764,Necaxa,UNAM,2024-01-31,Away,21:00,Liga MX,Clausura 2024 Regular Season,Wed,D,2,2,0.7,2.8,29.0,19261.0,Alexis Francisco Peña,4-4-2,4-2-3-1,César Arturo Ramos,Match Report,,8.0,4.0,24.6,0.0,0.0,0.0,2023.0
765,Necaxa,FC Juárez,2024-02-03,Away,16:06,Liga MX,Clausura 2024 Regular Season,Sat,D,2,2,0.9,1.6,42.0,9197.0,Alexis Francisco Peña,3-4-1-2,3-4-3,Marco Antonio Ortíz,Match Report,,16.0,7.0,19.0,0.0,0.0,0.0,2023.0
766,Necaxa,Toluca,2024-02-10,Home,17:00,Liga MX,Clausura 2024 Regular Season,Sat,D,3,3,1.9,2.7,36.0,15540.0,Alexis Francisco Peña,5-3-2,4-2-3-1,Daniel Quintero,Match Report,,13.0,6.0,17.9,1.0,0.0,0.0,2023.0
767,Necaxa,Querétaro,2024-02-16,Away,19:00,Liga MX,Clausura 2024 Regular Season,Fri,D,1,1,1.0,0.3,61.0,9590.0,Alexis Francisco Peña,4-1-3-2,4-4-2,Fernando Hernández,Match Report,,12.0,2.0,15.6,1.0,0.0,0.0,2023.0
768,Necaxa,Guadalajara,2024-02-20,Home,21:00,Liga MX,Clausura 2024 Regular Season,Tue,W,1,0,1.6,0.7,29.0,20786.0,Alexis Francisco Peña,4-1-2-1-2◆,4-3-3,Brian Gonzalez,Match Report,,10.0,5.0,16.7,1.0,0.0,0.0,2023.0
769,Necaxa,Pachuca,2024-02-23,Home,21:00,Liga MX,Clausura 2024 Regular Season,Fri,D,1,1,0.9,1.5,33.0,17941.0,Alexis Francisco Peña,4-4-1-1,4-2-3-1,Jorge Camacho,Match Report,,8.0,2.0,22.6,0.0,0.0,0.0,2023.0
770,Necaxa,Mazatlán,2024-03-01,Away,20:00,Liga MX,Clausura 2024 Regular Season,Fri,L,1,2,1.4,2.2,26.0,11480.0,Alexis Francisco Peña,4-4-1-1,4-2-3-1,Marco Antonio Ortíz,Match Report,,7.0,4.0,18.6,1.0,0.0,1.0,2023.0
771,Necaxa,Atlético,2024-03-08,Home,21:00,Liga MX,Clausura 2024 Regular Season,Fri,W,3,1,2.2,1.1,33.0,14935.0,Alexis Francisco Peña,4-4-1-1,4-2-3-1,Fernando Hernández,Match Report,,14.0,5.0,17.9,0.0,0.0,0.0,2023.0
772,Necaxa,Cruz Azul,2024-03-16,Away,17:00,Liga MX,Clausura 2024 Regular Season,Sat,W,2,1,1.5,1.7,23.0,25580.0,Alexis Francisco Peña,4-1-3-2,3-4-3,Fernando Guerrero,Match Report,,9.0,3.0,19.4,0.0,0.0,0.0,2023.0
773,Necaxa,León,2024-03-31,Home,19:00,Liga MX,Clausura 2024 Regular Season,Sun,L,1,2,1.3,2.0,41.0,19574.0,Alexis Francisco Peña,4-1-3-2,4-4-2,Víctor Cáceres,Match Report,,11.0,2.0,12.7,0.0,0.0,0.0,2023.0
774,Necaxa,Tijuana,2024-04-05,Away,20:10,Liga MX,Clausura 2024 Regular Season,Fri,W,3,2,1.6,1.0,41.0,15333.0,Alexis Francisco Peña,4-1-3-2,4-1-4-1,Ismael Lopez,Match Report,,6.0,5.0,21.1,1.0,1.0,1.0,2023.0
775,Necaxa,Santos,2024-04-12,Home,22:00,Liga MX,Clausura 2024 Regular Season,Fri,W,2,0,2.0,0.1,27.0,15292.0,Alexis Francisco Peña,4-4-2,4-4-2,Fernando Hernández,Match Report,,14.0,6.0,16.9,1.0,0.0,0.0,2023.0
776,Necaxa,UANL,2024-04-20,Away,20:05,Liga MX,Clausura 2024 Regular Season,Sat,L,2,5,0.2,1.5,31.0,40352.0,Alexis Francisco Peña,4-2-3-1,3-5-2,Marco Antonio Ortíz,Match Report,,6.0,4.0,18.9,0.0,0.0,0.0,2023.0
777,Necaxa,Monterrey,2024-04-28,Home,19:00,Liga MX,Clausura 2024 Regular Season,Sun,L,2,5,1.2,1.5,36.0,19388.0,Alexis Francisco Peña,5-3-2,4-2-3-1,Jesus Lopez,Match Report,,16.0,8.0,19.8,1.0,0.0,0.0,2023.0
778,Necaxa,Querétaro,2024-05-02,Home,20:00,Liga MX,Clausura — 9/10 match,Thu,D,1 (3),1 (2),0.9,0.7,45.0,13435.0,Alexis Francisco Peña,4-2-3-1,4-4-2,Daniel Quintero,Match Report,Necaxa won on penalty kicks following extra time,13.0,4.0,17.3,1.0,0.0,0.0,2023.0
779,Necaxa,Pachuca,2024-05-05,Away,21:06,Liga MX,Clausura — 8-seed match,Sun,L,1,2,0.4,3.2,31.0,20102.0,Alexis Francisco Peña,4-2-3-1,4-1-4-1,Fernando Hernández,Match Report,,5.0,3.0,22.1,0.0,0.0,0.0,2023.0
780,Atletico,Monterrey,2023-07-01,Home,18:00,Liga MX,Apertura 2023 Regular Season,Sat,D,1,1,3.3,1.8,54.0,14494.0,Javier Güemez,4-2-3-1,4-4-2,Jorge Camacho,Match Report,,17.0,3.0,21.0,0.0,1.0,2.0,2023.0
781,Atletico,Guadalajara,2023-07-08,Away,19:05,Liga MX,Apertura 2023 Regular Season,Sat,L,1,3,1.2,1.3,46.0,34711.0,Javier Güemez,4-2-3-1,5-4-1,Víctor Cáceres,Match Report,,6.0,2.0,25.0,1.0,1.0,1.0,2023.0
782,Atletico,Querétaro,2023-07-15,Home,18:00,Liga MX,Apertura 2023 Regular Season,Sat,W,4,1,1.7,0.6,59.0,12310.0,Javier Güemez,4-2-3-1,4-4-2,Daniel Quintero,Match Report,,14.0,8.0,20.5,1.0,1.0,1.0,2023.0
783,Atletico,Puebla,2023-08-18,Away,22:06,Liga MX,Apertura 2023 Regular Season,Fri,W,2,1,1.8,1.1,47.0,8700.0,Javier Güemez,4-2-3-1,4-5-1,Ismael Lopez,Match Report,,22.0,8.0,19.0,0.0,0.0,0.0,2023.0
784,Atletico,León,2023-08-23,Home,22:00,Liga MX,Apertura 2023 Regular Season,Wed,W,3,0,0.6,1.3,54.0,12277.0,Javier Güemez,4-2-3-1,3-4-3,Edgar Morales,Match Report,,9.0,3.0,21.0,1.0,0.0,0.0,2023.0
785,Atletico,Pachuca,2023-08-28,Away,22:10,Liga MX,Apertura 2023 Regular Season,Mon,W,2,0,1.7,0.9,44.0,8595.0,Javier Güemez,4-2-3-1,4-4-1-1,Jorge Camacho,Match Report,,13.0,5.0,22.5,0.0,1.0,1.0,2023.0
786,Atletico,Atlas,2023-09-03,Home,21:00,Liga MX,Apertura 2023 Regular Season,Sun,W,2,0,1.3,0.6,41.0,18313.0,Javier Güemez,4-2-3-1,4-3-3,Luis Enrique Santander,Match Report,,12.0,5.0,25.9,0.0,0.0,0.0,2023.0
787,Atletico,UNAM,2023-09-17,Away,13:00,Liga MX,Apertura 2023 Regular Season,Sun,L,2,3,0.5,2.1,43.0,14186.0,Javier Güemez,4-2-3-1,4-4-2,César Arturo Ramos,Match Report,,9.0,5.0,18.7,0.0,0.0,0.0,2023.0
788,Atletico,Mazatlán,2023-09-22,Home,20:00,Liga MX,Apertura 2023 Regular Season,Fri,W,3,2,1.4,2.2,59.0,14381.0,Javier Güemez,4-4-2,4-2-3-1,Fernando Hernández,Match Report,,16.0,8.0,17.0,2.0,0.0,0.0,2023.0
789,Atletico,Cruz Azul,2023-09-29,Home,22:00,Liga MX,Apertura 2023 Regular Season,Fri,L,1,2,1.9,1.2,63.0,21180.0,Javier Güemez,4-4-2,3-4-3,Adonai Escobedo,Match Report,,23.0,4.0,14.5,0.0,0.0,0.0,2023.0
790,Atletico,Tijuana,2023-10-08,Away,20:00,Liga MX,Apertura 2023 Regular Season,Sun,L,1,2,2.1,1.9,59.0,18333.0,Javier Güemez,4-1-4-1,3-4-3,Luis Enrique Santander,Match Report,,20.0,11.0,14.6,0.0,0.0,0.0,2023.0
791,Atletico,Necaxa,2023-10-22,Home,19:00,Liga MX,Apertura 2023 Regular Season,Sun,W,4,0,1.0,0.5,65.0,14939.0,Javier Güemez,4-2-3-1,4-1-2-1-2,Fernando Hernández,Match Report,,14.0,6.0,17.8,0.0,0.0,0.0,2023.0
792,Atletico,FC Juárez,2023-10-25,Away,21:06,Liga MX,Apertura 2023 Regular Season,Wed,L,2,3,0.7,0.7,64.0,7091.0,Javier Güemez,4-2-3-1,4-2-3-1,Oscar Mejia,Match Report,,16.0,4.0,19.8,0.0,0.0,0.0,2023.0
793,Atletico,Toluca,2023-10-29,Away,12:00,Liga MX,Apertura 2023 Regular Season,Sun,L,1,3,0.9,1.5,45.0,23924.0,Unai Bilbao,4-2-3-1,4-2-3-1,César Arturo Ramos,Match Report,,10.0,2.0,17.7,0.0,0.0,0.0,2023.0
794,Atletico,América,2023-11-01,Home,21:00,Liga MX,Apertura 2023 Regular Season,Wed,L,0,1,0.8,1.1,53.0,22584.0,Javier Güemez,4-2-3-1,4-3-3,Edgar Morales,Match Report,,18.0,4.0,24.6,0.0,0.0,0.0,2023.0
795,Atletico,UANL,2023-11-04,Away,16:55,Liga MX,Apertura 2023 Regular Season,Sat,D,2,2,0.8,1.9,44.0,39416.0,Javier Güemez,4-2-3-1,4-2-3-1,Luis Enrique Santander,Match Report,,11.0,3.0,22.9,0.0,0.0,0.0,2023.0
796,Atletico,Santos,2023-11-11,Home,17:00,Liga MX,Apertura 2023 Regular Season,Sat,L,0,2,1.3,1.0,67.0,14479.0,Javier Güemez,4-2-3-1,4-2-3-1,Marco Antonio Ortíz,Match Report,,18.0,3.0,19.9,3.0,0.0,0.0,2023.0
797,Atletico,León,2023-11-23,Home,19:00,Liga MX,Apertura — 7-seed match,Thu,W,3,2,0.6,1.0,44.0,11295.0,Javier Güemez,4-2-3-1,4-4-2,Adonai Escobedo,Match Report,,7.0,3.0,16.5,0.0,0.0,0.0,2023.0
798,Atletico,Monterrey,2023-11-29,Home,21:10,Liga MX,Apertura — Quarter-finals,Wed,W,1,0,1.1,0.6,55.0,17216.0,Javier Güemez,4-2-3-1,4-1-4-1,Daniel Quintero,Match Report,Leg 1 of 2,16.0,7.0,19.8,0.0,0.0,0.0,2023.0
799,Atletico,Monterrey,2023-12-02,Away,21:10,Liga MX,Apertura — Quarter-finals,Sat,D,1,1,0.7,2.0,40.0,36907.0,Javier Güemez,4-2-3-1,4-4-2,Víctor Cáceres,Match Report,Leg 2 of 2; Atlético won,3.0,2.0,23.0,0.0,0.0,0.0,2023.0
800,Atletico,América,2023-12-06,Home,21:00,Liga MX,Apertura — Semi-finals,Wed,L,0,5,1.0,2.7,50.0,22589.0,Javier Güemez,4-2-3-1,4-4-2,Adonai Escobedo,Match Report,Leg 1 of 2,14.0,3.0,18.6,0.0,0.0,0.0,2023.0
801,Atletico,América,2023-12-09,Away,20:00,Liga MX,Apertura — Semi-finals,Sat,W,2,0,2.0,0.2,54.0,57964.0,Javier Güemez,4-4-2,4-4-2,César Arturo Ramos,Match Report,Leg 2 of 2; América won,15.0,5.0,15.3,0.0,0.0,0.0,2023.0
802,Atletico,Mazatlán,2024-01-12,Away,20:00,Liga MX,Clausura 2024 Regular Season,Fri,W,1,0,0.6,2.8,47.0,9510.0,Javier Güemez,4-3-3,4-4-2,Maximiliano Quintero,Match Report,,8.0,3.0,15.8,0.0,0.0,0.0,2023.0
803,Atletico,UNAM,2024-01-19,Home,21:00,Liga MX,Clausura 2024 Regular Season,Fri,W,3,1,1.9,2.6,47.0,22262.0,Javier Güemez,4-3-3,4-2-2-2,Iván López,Match Report,,9.0,4.0,14.6,0.0,0.0,0.0,2023.0
804,Atletico,UANL,2024-01-24,Home,19:00,Liga MX,Clausura 2024 Regular Season,Wed,L,1,2,1.0,1.6,43.0,20089.0,Javier Güemez,4-3-3,5-3-2,Víctor Cáceres,Match Report,,10.0,2.0,20.4,0.0,0.0,0.0,2023.0
805,Atletico,Monterrey,2024-01-27,Away,19:00,Liga MX,Clausura 2024 Regular Season,Sat,L,1,3,0.5,0.7,57.0,44386.0,Javier Güemez,4-3-3,4-4-2,Jesus Lopez,Match Report,,9.0,5.0,22.9,2.0,0.0,0.0,2023.0
806,Atletico,Guadalajara,2024-02-04,Home,19:00,Liga MX,Clausura 2024 Regular Season,Sun,L,0,2,0.5,2.4,55.0,22044.0,Javier Güemez,4-4-2,4-3-3,Oscar Mejia,Match Report,,11.0,2.0,19.7,0.0,0.0,0.0,2023.0
807,Atletico,Cruz Azul,2024-02-10,Away,19:05,Liga MX,Clausura 2024 Regular Season,Sat,L,0,3,0.6,3.3,47.0,23826.0,Javier Güemez,4-4-2,5-3-2,Fernando Guerrero,Match Report,,7.0,0.0,8.8,0.0,0.0,0.0,2023.0
808,Atletico,Tijuana,2024-02-17,Home,17:00,Liga MX,Clausura 2024 Regular Season,Sat,D,3,3,2.6,1.6,65.0,14919.0,Javier Güemez,5-3-2,4-2-3-1,Daniel Quintero,Match Report,,13.0,9.0,20.1,0.0,0.0,1.0,2023.0
809,Atletico,León,2024-02-24,Away,17:00,Liga MX,Clausura 2024 Regular Season,Sat,L,0,1,1.1,1.1,64.0,20780.0,Javier Güemez,5-4-1,4-4-2,Iván López,Match Report,,16.0,4.0,17.8,0.0,0.0,0.0,2023.0
810,Atletico,Querétaro,2024-02-27,Away,19:00,Liga MX,Clausura 2024 Regular Season,Tue,L,1,4,0.8,2.5,70.0,8784.0,Javier Güemez,5-3-2,4-4-2,Edgar Morales,Match Report,,18.0,5.0,19.0,2.0,0.0,0.0,2023.0
811,Atletico,Puebla,2024-03-01,Home,19:00,Liga MX,Clausura 2024 Regular Season,Fri,W,4,0,1.9,0.1,66.0,12581.0,Javier Güemez,4-2-3-1,4-1-4-1,Vicente Arce,Match Report,,22.0,10.0,19.1,1.0,0.0,0.0,2023.0
812,Atletico,Necaxa,2024-03-08,Away,21:00,Liga MX,Clausura 2024 Regular Season,Fri,L,1,3,1.1,2.2,67.0,14935.0,Javier Güemez,4-2-3-1,4-4-1-1,Fernando Hernández,Match Report,,15.0,4.0,15.6,1.0,0.0,0.0,2023.0
813,Atletico,Pachuca,2024-03-17,Home,19:00,Liga MX,Clausura 2024 Regular Season,Sun,W,2,1,1.1,0.6,44.0,15634.0,Javier Güemez,4-2-3-1,4-2-3-1,Víctor Cáceres,Match Report,,7.0,3.0,20.8,0.0,0.0,0.0,2023.0
814,Atletico,América,2024-03-29,Away,20:00,Liga MX,Clausura 2024 Regular Season,Fri,L,1,2,1.9,0.9,45.0,34476.0,Javier Güemez,4-1-4-1,4-4-2,Jesus Lopez,Match Report,,13.0,4.0,17.3,0.0,1.0,1.0,2023.0
815,Atletico,FC Juárez,2024-04-08,Home,10:30,Liga MX,Clausura 2024 Regular Season,Mon,L,2,3,0.6,1.0,55.0,13923.0,Javier Güemez,4-3-3,4-2-3-1,Oscar Mejia,Match Report,,11.0,4.0,20.0,0.0,0.0,0.0,2023.0
816,Atletico,Atlas,2024-04-14,Away,19:00,Liga MX,Clausura 2024 Regular Season,Sun,L,1,2,0.7,1.3,43.0,10750.0,Javier Güemez,4-2-3-1,4-2-3-1,Víctor Cáceres,Match Report,,13.0,3.0,19.2,0.0,0.0,0.0,2023.0
817,Atletico,Toluca,2024-04-19,Home,22:00,Liga MX,Clausura 2024 Regular Season,Fri,L,1,5,0.9,2.6,49.0,15989.0,Javier Güemez,4-1-4-1,4-2-3-1,Daniel Quintero,Match Report,,10.0,2.0,18.6,2.0,0.0,0.0,2023.0
818,Atletico,Santos,2024-04-28,Away,19:00,Liga MX,Clausura 2024 Regular Season,Sun,W,3,0,1.6,1.6,35.0,16422.0,Javier Güemez,4-4-2,4-3-1-2,Iván López,Match Report,,20.0,4.0,21.2,2.0,0.0,0.0,2023.0
819,Mazatlan,Pachuca,2023-06-30,Home,19:00,Liga MX,Apertura 2023 Regular Season,Fri,D,1,1,1.3,4.2,46.0,8479.0,Néstor Vidrio,4-4-2,4-4-2,Jesus Lopez,Match Report,,10.0,5.0,17.6,0.0,0.0,0.0,2023.0
820,Mazatlan,UNAM,2023-07-09,Away,13:00,Liga MX,Apertura 2023 Regular Season,Sun,D,0,0,0.8,1.1,45.0,20844.0,Néstor Vidrio,4-2-3-1,4-4-2,Óscar Macias,Match Report,,8.0,2.0,26.1,0.0,0.0,0.0,2023.0
821,Mazatlan,Monterrey,2023-07-14,Home,19:00,Liga MX,Apertura 2023 Regular Season,Fri,L,0,3,0.3,2.6,38.0,11462.0,Néstor Vidrio,4-2-3-1,4-4-2,Brian Gonzalez,Match Report,,5.0,1.0,26.2,0.0,0.0,0.0,2023.0
822,Mazatlan,León,2023-08-18,Away,20:06,Liga MX,Apertura 2023 Regular Season,Fri,L,1,2,1.9,1.4,42.0,23703.0,Néstor Vidrio,4-2-3-1,3-4-3,Maximiliano Quintero,Match Report,,10.0,4.0,19.6,0.0,0.0,1.0,2023.0
823,Mazatlan,Puebla,2023-08-22,Home,19:00,Liga MX,Apertura 2023 Regular Season,Tue,W,1,0,1.2,0.5,44.0,7429.0,Jefferson Intriago,4-2-3-1,5-4-1,Luis Enrique Santander,Match Report,,11.0,3.0,22.5,0.0,0.0,1.0,2023.0
824,Mazatlan,Tijuana,2023-08-25,Away,20:10,Liga MX,Apertura 2023 Regular Season,Fri,D,1,1,0.4,0.8,41.0,18333.0,Jefferson Intriago,4-4-2,4-4-2,Fernando Guerrero,Match Report,,4.0,1.0,20.4,0.0,0.0,0.0,2023.0
825,Mazatlan,FC Juárez,2023-09-01,Away,19:06,Liga MX,Apertura 2023 Regular Season,Fri,L,1,3,1.5,1.4,57.0,11066.0,Jefferson Intriago,4-4-2,4-4-2,Adonai Escobedo,Match Report,,9.0,3.0,18.5,0.0,0.0,0.0,2023.0
826,Mazatlan,Cruz Azul,2023-09-15,Home,18:50,Liga MX,Apertura 2023 Regular Season,Fri,D,2,2,2.2,1.6,42.0,11002.0,Jefferson Intriago,4-2-3-1,3-4-3,Marco Antonio Ortíz,Match Report,,16.0,6.0,17.8,1.0,1.0,1.0,2023.0
827,Mazatlan,Atlético,2023-09-22,Away,20:00,Liga MX,Apertura 2023 Regular Season,Fri,L,2,3,2.2,1.4,41.0,14381.0,Jefferson Intriago,4-2-3-1,4-4-2,Fernando Hernández,Match Report,,21.0,8.0,20.7,0.0,0.0,0.0,2023.0
828,Mazatlan,Guadalajara,2023-09-26,Away,20:05,Liga MX,Apertura 2023 Regular Season,Tue,W,3,1,1.5,0.5,50.0,23581.0,Jefferson Intriago,4-2-3-1,4-2-3-1,Edgar Morales,Match Report,,7.0,4.0,13.2,0.0,0.0,0.0,2023.0
829,Mazatlan,UANL,2023-09-30,Home,19:06,Liga MX,Apertura 2023 Regular Season,Sat,L,2,3,1.8,2.0,58.0,13503.0,Jefferson Intriago,4-2-3-1,4-2-3-1,Jesus Lopez,Match Report,,15.0,6.0,21.7,1.0,0.0,0.0,2023.0
830,Mazatlan,América,2023-10-06,Home,21:00,Liga MX,Apertura 2023 Regular Season,Fri,L,1,2,0.5,2.3,40.0,18000.0,Jefferson Intriago,4-2-3-1,4-2-3-1,Oscar Mejia,Match Report,,5.0,2.0,22.0,0.0,0.0,0.0,2023.0
831,Mazatlan,Atlas,2023-10-20,Away,20:00,Liga MX,Apertura 2023 Regular Season,Fri,W,3,1,1.7,2.5,34.0,13006.0,Jefferson Intriago,4-4-2,4-3-3,Marco Antonio Ortíz,Match Report,,7.0,5.0,13.5,0.0,0.0,0.0,2023.0
832,Mazatlan,Querétaro,2023-10-27,Home,21:00,Liga MX,Apertura 2023 Regular Season,Fri,W,3,0,1.8,1.9,64.0,9707.0,Jefferson Intriago,4-4-2,4-4-2,Luis Enrique Santander,Match Report,,22.0,7.0,21.5,2.0,0.0,0.0,2023.0
833,Mazatlan,Santos,2023-11-01,Home,20:00,Liga MX,Apertura 2023 Regular Season,Wed,W,3,1,1.9,1.4,55.0,12269.0,Jefferson Intriago,4-4-2,4-2-3-1,Fernando Hernández,Match Report,,17.0,5.0,19.8,0.0,0.0,0.0,2023.0
834,Mazatlan,Necaxa,2023-11-05,Away,16:00,Liga MX,Apertura 2023 Regular Season,Sun,L,0,4,0.9,1.8,54.0,6789.0,Jefferson Intriago,4-2-3-1,4-4-2,César Arturo Ramos,Match Report,,9.0,2.0,20.9,1.0,0.0,0.0,2023.0
835,Mazatlan,Toluca,2023-11-10,Home,18:06,Liga MX,Apertura 2023 Regular Season,Fri,W,1,0,0.9,0.5,41.0,14509.0,Jefferson Intriago,4-2-3-1,4-4-2,Adonai Escobedo,Match Report,,12.0,5.0,16.7,1.0,0.0,0.0,2023.0
836,Mazatlan,Santos,2023-11-23,Away,21:10,Liga MX,Apertura — 9/10 match,Thu,L,1,2,1.0,2.0,63.0,10101.0,Jefferson Intriago,4-2-3-1,4-2-3-1,Fernando Guerrero,Match Report,,12.0,3.0,18.2,1.0,0.0,0.0,2023.0
837,Mazatlan,Atlético,2024-01-12,Home,20:00,Liga MX,Clausura 2024 Regular Season,Fri,L,0,1,2.8,0.6,53.0,9510.0,Jefferson Intriago,4-4-2,4-3-3,Maximiliano Quintero,Match Report,,25.0,10.0,17.1,1.0,0.0,0.0,2023.0
838,Mazatlan,Toluca,2024-01-20,Away,17:00,Liga MX,Clausura 2024 Regular Season,Sat,L,1,4,2.0,2.7,40.0,23387.0,Jefferson Intriago,5-3-2,4-2-3-1,Jorge Camacho,Match Report,,9.0,2.0,21.9,0.0,1.0,1.0,2023.0
839,Mazatlan,Cruz Azul,2024-01-27,Away,17:00,Liga MX,Clausura 2024 Regular Season,Sat,L,1,2,0.3,2.3,41.0,20032.0,Jefferson Intriago,5-3-2,3-5-2,Luis Enrique Santander,Match Report,,6.0,3.0,24.7,0.0,0.0,0.0,2023.0
840,Mazatlan,León,2024-01-30,Home,18:00,Liga MX,Clausura 2024 Regular Season,Tue,D,2,2,0.5,1.8,52.0,9150.0,Jefferson Intriago,4-3-3,4-5-1,Edgar Morales,Match Report,,12.0,5.0,21.2,2.0,0.0,0.0,2023.0
841,Mazatlan,Puebla,2024-02-02,Away,21:00,Liga MX,Clausura 2024 Regular Season,Fri,L,2,3,0.4,1.6,47.0,9499.0,Jefferson Intriago,4-4-2,5-3-2,Fernando Guerrero,Match Report,,7.0,3.0,20.6,1.0,0.0,0.0,2023.0
842,Mazatlan,Atlas,2024-02-09,Home,18:00,Liga MX,Clausura 2024 Regular Season,Fri,W,2,0,1.2,0.5,60.0,8957.0,Jefferson Intriago,4-3-3,4-2-3-1,Víctor Cáceres,Match Report,,16.0,5.0,20.9,1.0,0.0,0.0,2023.0
843,Mazatlan,Guadalajara,2024-02-16,Home,20:00,Liga MX,Clausura 2024 Regular Season,Fri,D,2,2,1.1,1.5,55.0,17787.0,Jefferson Intriago,4-2-3-1,4-3-3,Adonai Escobedo,Match Report,,18.0,8.0,19.1,1.0,0.0,0.0,2023.0
844,Mazatlan,América,2024-02-21,Away,21:00,Liga MX,Clausura 2024 Regular Season,Wed,D,2,2,1.5,2.4,43.0,18199.0,Jefferson Intriago,4-2-3-1,4-2-3-1,Ismael Lopez,Match Report,,8.0,4.0,16.8,0.0,0.0,0.0,2023.0
845,Mazatlan,Santos,2024-02-25,Away,18:00,Liga MX,Clausura 2024 Regular Season,Sun,L,0,1,0.5,1.8,44.0,15012.0,Jefferson Intriago,4-2-3-1,4-4-2,Fernando Guerrero,Match Report,,11.0,2.0,18.0,0.0,0.0,0.0,2023.0
846,Mazatlan,Necaxa,2024-03-01,Home,20:00,Liga MX,Clausura 2024 Regular Season,Fri,W,2,1,2.2,1.4,74.0,11480.0,Jefferson Intriago,4-2-3-1,4-4-1-1,Marco Antonio Ortíz,Match Report,,15.0,7.0,15.6,0.0,0.0,0.0,2023.0
847,Mazatlan,Monterrey,2024-03-10,Away,19:00,Liga MX,Clausura 2024 Regular Season,Sun,L,1,2,2.1,1.4,46.0,42085.0,Hugo González Durán,4-4-2,4-4-2,César Arturo Ramos,Match Report,,18.0,7.0,17.3,0.0,0.0,0.0,2023.0
848,Mazatlan,UANL,2024-03-16,Away,19:00,Liga MX,Clausura 2024 Regular Season,Sat,L,1,5,1.5,1.9,42.0,37321.0,Hugo González Durán,4-4-2,4-2-3-1,Oscar Mejia,Match Report,,21.0,5.0,16.5,1.0,0.0,0.0,2023.0
849,Mazatlan,Tijuana,2024-03-29,Home,20:00,Liga MX,Clausura 2024 Regular Season,Fri,W,2,0,1.0,0.4,52.0,11218.0,Hugo González Durán,4-2-3-1,4-4-2,Fernando Guerrero,Match Report,,13.0,6.0,21.9,0.0,0.0,0.0,2023.0
850,Mazatlan,UNAM,2024-04-05,Home,18:00,Liga MX,Clausura 2024 Regular Season,Fri,L,0,4,1.0,0.9,50.0,12620.0,Hugo González Durán,4-2-3-1,4-2-3-1,Víctor Cáceres,Match Report,,12.0,3.0,17.6,0.0,0.0,0.0,2023.0
851,Mazatlan,Querétaro,2024-04-12,Away,20:06,Liga MX,Clausura 2024 Regular Season,Fri,W,2,0,1.9,0.6,62.0,13685.0,Hugo González Durán,4-2-3-1,4-4-2,Marco Antonio Ortíz,Match Report,,23.0,8.0,18.0,1.0,0.0,0.0,2023.0
852,Mazatlan,FC Juárez,2024-04-19,Home,19:00,Liga MX,Clausura 2024 Regular Season,Fri,L,0,2,1.6,1.8,42.0,9894.0,Hugo González Durán,4-2-3-1,4-1-4-1,Fernando Hernández,Match Report,,14.0,4.0,14.3,0.0,0.0,0.0,2023.0
853,Mazatlan,Pachuca,2024-04-27,Away,20:10,Liga MX,Clausura 2024 Regular Season,Sat,D,1,1,0.9,1.5,42.0,17249.0,Hugo González Durán,4-2-3-1,4-2-3-1,Luis Enrique Santander,Match Report,,10.0,3.0,20.2,0.0,0.0,0.0,2023.0
854,Santos Laguna,Querétaro,2023-07-02,Home,20:05,Liga MX,Apertura 2023 Regular Season,Sun,L,0,2,0.8,0.5,56.0,12433.0,Juan Brunetta,4-2-3-1,4-1-3-2,Abraham Quirarte,Match Report,,13.0,6.0,21.1,0.0,0.0,0.0,2023.0
855,Santos Laguna,Puebla,2023-07-07,Away,20:00,Liga MX,Apertura 2023 Regular Season,Fri,W,3,2,3.2,1.5,40.0,11526.0,Juan Brunetta,4-2-3-1,4-4-2,Brian Gonzalez,Match Report,,21.0,7.0,22.1,0.0,1.0,1.0,2023.0
856,Santos Laguna,Atlas,2023-07-13,Home,20:05,Liga MX,Apertura 2023 Regular Season,Thu,D,0,0,0.5,0.3,46.0,13199.0,Juan Brunetta,4-2-3-1,4-3-3,Diego Montaño,Match Report,,12.0,2.0,25.3,3.0,0.0,0.0,2023.0
857,Santos Laguna,Cruz Azul,2023-08-20,Away,18:00,Liga MX,Apertura 2023 Regular Season,Sun,D,2,2,2.5,2.3,41.0,11053.0,Juan Brunetta,4-2-3-1,3-4-3,Marco Antonio Ortíz,Match Report,,16.0,6.0,17.3,0.0,1.0,1.0,2023.0
858,Santos Laguna,Guadalajara,2023-08-26,Home,22:05,Liga MX,Apertura 2023 Regular Season,Sat,W,2,1,1.7,0.9,48.0,16176.0,Juan Brunetta,4-2-3-1,4-2-3-1,Oscar Mejia,Match Report,,17.0,9.0,18.9,1.0,0.0,0.0,2023.0
859,Santos Laguna,UANL,2023-08-30,Away,22:00,Liga MX,Apertura 2023 Regular Season,Wed,L,2,3,1.7,2.3,43.0,39134.0,Juan Brunetta,4-2-3-1,4-2-3-1,Daniel Quintero,Match Report,,12.0,2.0,16.7,0.0,0.0,0.0,2023.0
860,Santos Laguna,UNAM,2023-09-02,Home,20:00,Liga MX,Apertura 2023 Regular Season,Sat,W,2,1,1.8,0.9,41.0,14908.0,Juan Brunetta,4-1-3-2,4-4-2,Fernando Guerrero,Match Report,,21.0,9.0,16.1,1.0,0.0,0.0,2023.0
861,Santos Laguna,Pachuca,2023-09-18,Away,22:00,Liga MX,Apertura 2023 Regular Season,Mon,L,2,3,1.7,1.4,51.0,4673.0,Juan Brunetta,4-1-3-2,4-1-4-1,Fernando Hernández,Match Report,,7.0,3.0,19.0,0.0,0.0,0.0,2023.0
862,Santos Laguna,Necaxa,2023-09-24,Home,21:05,Liga MX,Apertura 2023 Regular Season,Sun,L,2,5,3.2,1.4,64.0,10038.0,Juan Brunetta,4-2-3-1,4-4-2,Oscar Mejia,Match Report,,25.0,5.0,19.7,2.0,1.0,1.0,2023.0
863,Santos Laguna,Tijuana,2023-10-04,Home,22:00,Liga MX,Apertura 2023 Regular Season,Wed,W,2,1,2.1,2.0,56.0,7038.0,Juan Brunetta,4-2-3-1,4-2-3-1,Ismael Lopez,Match Report,,13.0,5.0,16.2,0.0,0.0,0.0,2023.0
864,Santos Laguna,León,2023-10-08,Home,20:05,Liga MX,Apertura 2023 Regular Season,Sun,L,0,2,0.3,2.1,26.0,7429.0,Juan Brunetta,4-2-3-1,4-1-3-2,Marco Antonio Ortíz,Match Report,,9.0,1.0,21.9,1.0,0.0,0.0,2023.0
865,Santos Laguna,América,2023-10-21,Away,20:00,Liga MX,Apertura 2023 Regular Season,Sat,L,3,4,0.9,3.1,40.0,39968.0,Carlos Acevedo,4-5-1,4-2-3-1,César Arturo Ramos,Match Report,,11.0,5.0,19.1,2.0,0.0,0.0,2023.0
866,Santos Laguna,FC Juárez,2023-10-29,Home,19:05,Liga MX,Apertura 2023 Regular Season,Sun,W,5,1,1.9,0.9,38.0,9037.0,Carlos Acevedo,4-4-2,4-4-2,Diego Montaño,Match Report,,16.0,7.0,18.2,2.0,0.0,0.0,2023.0
867,Santos Laguna,Mazatlán,2023-11-01,Away,20:00,Liga MX,Apertura 2023 Regular Season,Wed,L,1,3,1.4,1.9,45.0,12269.0,Carlos Acevedo,4-2-3-1,4-4-2,Fernando Hernández,Match Report,,23.0,9.0,16.6,1.0,0.0,0.0,2023.0
868,Santos Laguna,Toluca,2023-11-05,Home,18:10,Liga MX,Apertura 2023 Regular Season,Sun,W,3,1,2.3,1.7,32.0,12367.0,Carlos Acevedo,4-2-3-1,4-2-3-1,Víctor Cáceres,Match Report,,20.0,7.0,15.7,1.0,0.0,0.0,2023.0
869,Santos Laguna,Monterrey,2023-11-08,Away,20:00,Liga MX,Apertura 2023 Regular Season,Wed,L,0,3,0.1,2.0,48.0,36678.0,Carlos Acevedo,4-3-3,4-1-4-1,Fernando Guerrero,Match Report,,5.0,2.0,17.8,0.0,0.0,0.0,2023.0
870,Santos Laguna,Atlético,2023-11-11,Away,17:00,Liga MX,Apertura 2023 Regular Season,Sat,W,2,0,1.0,1.3,33.0,14479.0,Carlos Acevedo,4-2-3-1,4-2-3-1,Marco Antonio Ortíz,Match Report,,16.0,5.0,15.8,1.0,0.0,0.0,2023.0
871,Santos Laguna,Mazatlán,2023-11-23,Home,21:10,Liga MX,Apertura — 9/10 match,Thu,W,2,1,2.0,1.0,37.0,10101.0,Carlos Acevedo,4-2-3-1,4-2-3-1,Fernando Guerrero,Match Report,,13.0,4.0,14.1,0.0,0.0,0.0,2023.0
872,Santos Laguna,León,2023-11-26,Away,20:06,Liga MX,Apertura — 8-seed match,Sun,L,2,3,1.9,1.6,59.0,25672.0,Carlos Acevedo,4-2-3-1,4-4-2,César Arturo Ramos,Match Report,,24.0,3.0,16.9,2.0,0.0,0.0,2023.0
873,Santos Laguna,Guadalajara,2024-01-13,Away,19:05,Liga MX,Clausura 2024 Regular Season,Sat,D,1,1,1.2,2.0,33.0,36743.0,Carlos Acevedo,4-2-3-1,4-3-3,Jorge Camacho,Match Report,,8.0,3.0,22.1,0.0,0.0,1.0,2023.0
874,Santos Laguna,Monterrey,2024-01-21,Home,20:05,Liga MX,Clausura 2024 Regular Season,Sun,L,0,2,1.2,0.9,45.0,15177.0,Carlos Acevedo,4-2-3-1,4-4-2,Edgar Morales,Match Report,,19.0,4.0,18.9,2.0,0.0,0.0,2023.0
875,Santos Laguna,León,2024-01-27,Away,17:00,Liga MX,Clausura 2024 Regular Season,Sat,L,2,3,1.3,1.5,30.0,18271.0,Carlos Acevedo,4-2-3-1,4-3-3,Daniel Quintero,Match Report,,6.0,2.0,20.3,1.0,1.0,1.0,2023.0
876,Santos Laguna,Puebla,2024-01-30,Home,21:00,Liga MX,Clausura 2024 Regular Season,Tue,W,3,0,2.8,1.6,42.0,9550.0,Carlos Acevedo,4-2-3-1,5-4-1,Brian Gonzalez,Match Report,,17.0,8.0,16.6,0.0,1.0,1.0,2023.0
877,Santos Laguna,Atlas,2024-02-04,Away,18:00,Liga MX,Clausura 2024 Regular Season,Sun,L,0,3,0.7,2.9,49.0,16847.0,Carlos Acevedo,4-2-3-1,4-2-3-1,Charles Terrazas,Match Report,,8.0,1.0,16.7,1.0,0.0,0.0,2023.0
878,Santos Laguna,UANL,2024-02-10,Home,21:10,Liga MX,Clausura 2024 Regular Season,Sat,L,0,3,0.9,2.0,50.0,15727.0,Carlos Acevedo,4-2-3-1,4-2-3-1,Oscar Mejia,Match Report,,13.0,2.0,20.1,3.0,0.0,0.0,2023.0
879,Santos Laguna,UNAM,2024-02-18,Away,18:05,Liga MX,Clausura 2024 Regular Season,Sun,L,0,3,0.2,2.2,51.0,22314.0,Carlos Acevedo,4-2-3-1,4-2-3-1,Ismael Lopez,Match Report,,8.0,2.0,23.3,1.0,0.0,0.0,2023.0
880,Santos Laguna,Toluca,2024-02-21,Away,19:00,Liga MX,Clausura 2024 Regular Season,Wed,L,0,1,0.4,1.1,51.0,22999.0,Carlos Acevedo,5-4-1,4-2-3-1,Abraham Quirarte,Match Report,,8.0,0.0,17.3,1.0,0.0,0.0,2023.0
881,Santos Laguna,Mazatlán,2024-02-25,Home,18:00,Liga MX,Clausura 2024 Regular Season,Sun,W,1,0,1.8,0.5,56.0,15012.0,Carlos Acevedo,4-4-2,4-2-3-1,Fernando Guerrero,Match Report,,12.0,3.0,14.3,0.0,0.0,0.0,2023.0
882,Santos Laguna,Querétaro,2024-03-01,Away,19:00,Liga MX,Clausura 2024 Regular Season,Fri,W,1,0,1.1,0.3,58.0,12004.0,Carlos Acevedo,4-4-2,3-4-3,Brian Gonzalez,Match Report,,12.0,4.0,22.8,1.0,0.0,0.0,2023.0
883,Santos Laguna,Cruz Azul,2024-03-09,Home,19:00,Liga MX,Clausura 2024 Regular Season,Sat,W,3,0,1.2,1.5,35.0,22007.0,Carlos Acevedo,4-1-4-1,3-4-3,Adonai Escobedo,Match Report,,5.0,3.0,26.6,0.0,0.0,0.0,2023.0
884,Santos Laguna,Tijuana,2024-03-15,Away,20:00,Liga MX,Clausura 2024 Regular Season,Fri,D,2,2,1.4,3.2,61.0,20333.0,Carlos Acevedo,4-1-4-1,4-4-1-1,Daniel Quintero,Match Report,,9.0,4.0,18.8,2.0,0.0,0.0,2023.0
885,Santos Laguna,FC Juárez,2024-03-31,Away,19:36,Liga MX,Clausura 2024 Regular Season,Sun,L,1,2,0.4,2.1,53.0,13088.0,Carlos Acevedo,4-4-2,4-2-3-1,Erick Miranda,Match Report,,9.0,3.0,27.5,0.0,0.0,0.0,2023.0
886,Santos Laguna,América,2024-04-06,Home,21:05,Liga MX,Clausura 2024 Regular Season,Sat,D,1,1,0.9,1.9,46.0,28596.0,Carlos Acevedo,3-4-3,4-2-3-1,Luis Enrique Santander,Match Report,,8.0,5.0,19.0,1.0,0.0,0.0,2023.0
887,Santos Laguna,Necaxa,2024-04-12,Away,22:00,Liga MX,Clausura 2024 Regular Season,Fri,L,0,2,0.1,2.0,73.0,15292.0,Carlos Acevedo,4-4-2,4-4-2,Fernando Hernández,Match Report,,4.0,1.0,27.9,1.0,0.0,0.0,2023.0
888,Santos Laguna,Pachuca,2024-04-20,Home,20:05,Liga MX,Clausura 2024 Regular Season,Sat,L,0,2,0.5,1.7,55.0,10309.0,Carlos Acevedo,4-1-4-1,4-2-3-1,Ismael Lopez,Match Report,,6.0,1.0,16.7,1.0,0.0,0.0,2023.0
889,Santos Laguna,Atlético,2024-04-28,Home,19:00,Liga MX,Clausura 2024 Regular Season,Sun,L,0,3,1.6,1.6,65.0,16422.0,Carlos Acevedo,4-3-1-2,4-4-2,Iván López,Match Report,,15.0,1.0,18.5,1.0,0.0,0.0,2023.0
890,Tijuana,UNAM,2023-06-30,Home,20:00,Liga MX,Apertura 2023 Regular Season,Fri,L,2,3,1.2,2.7,56.0,26158.0,Alexis Canelo,4-2-3-1,4-4-2,Daniel Quintero,Match Report,,14.0,7.0,17.0,0.0,0.0,0.0,2023.0
891,Tijuana,Necaxa,2023-07-07,Away,22:00,Liga MX,Apertura 2023 Regular Season,Fri,D,1,1,1.3,1.2,59.0,13028.0,Alexis Canelo,4-2-3-1,5-4-1,Oscar Mejia,Match Report,,16.0,3.0,22.6,0.0,0.0,0.0,2023.0
892,Tijuana,Cruz Azul,2023-07-14,Home,20:10,Liga MX,Apertura 2023 Regular Season,Fri,W,2,1,0.7,0.8,50.0,28333.0,Alexis Canelo,4-2-3-1,4-2-3-1,Edgar Morales,Match Report,,12.0,4.0,18.7,0.0,0.0,0.0,2023.0
893,Tijuana,Guadalajara,2023-08-22,Away,20:00,Liga MX,Apertura 2023 Regular Season,Tue,L,0,1,0.1,2.1,41.0,27547.0,Christian Rivera,4-4-2,4-2-3-1,Adonai Escobedo,Match Report,,7.0,3.0,29.2,0.0,0.0,0.0,2023.0
894,Tijuana,Mazatlán,2023-08-25,Home,20:10,Liga MX,Apertura 2023 Regular Season,Fri,D,1,1,0.8,0.4,59.0,18333.0,Christian Rivera,4-4-2,4-4-2,Fernando Guerrero,Match Report,,12.0,1.0,17.6,1.0,0.0,0.0,2023.0
895,Tijuana,Puebla,2023-09-01,Away,22:10,Liga MX,Apertura 2023 Regular Season,Fri,L,0,3,1.5,1.1,46.0,7700.0,Christian Rivera,3-4-3,4-4-2,César Arturo Ramos,Match Report,,22.0,5.0,23.7,0.0,0.0,0.0,2023.0
896,Tijuana,Toluca,2023-09-15,Home,20:00,Liga MX,Apertura 2023 Regular Season,Fri,W,2,1,1.1,0.4,37.0,18633.0,Christian Rivera,4-2-3-1,4-4-2,Erick Miranda,Match Report,,15.0,7.0,19.5,0.0,0.0,0.0,2023.0
897,Tijuana,León,2023-09-23,Away,20:00,Liga MX,Apertura 2023 Regular Season,Sat,L,0,1,0.1,1.1,45.0,16428.0,Christian Rivera,4-4-2,4-3-3,Fernando Guerrero,Match Report,,5.0,1.0,29.3,1.0,0.0,0.0,2023.0
898,Tijuana,FC Juárez,2023-09-29,Home,20:10,Liga MX,Apertura 2023 Regular Season,Fri,W,5,1,2.2,0.8,52.0,17333.0,Christian Rivera,4-2-3-1,4-4-2,Fernando Hernández,Match Report,,21.0,6.0,20.2,1.0,1.0,1.0,2023.0
899,Tijuana,Santos,2023-10-04,Away,22:00,Liga MX,Apertura 2023 Regular Season,Wed,L,1,2,2.0,2.1,44.0,7038.0,Christian Rivera,4-2-3-1,4-2-3-1,Ismael Lopez,Match Report,,16.0,4.0,19.6,2.0,0.0,1.0,2023.0
900,Tijuana,Atlético,2023-10-08,Home,20:00,Liga MX,Apertura 2023 Regular Season,Sun,W,2,1,1.9,2.1,41.0,18333.0,Christian Rivera,3-4-3,4-1-4-1,Luis Enrique Santander,Match Report,,14.0,6.0,19.1,0.0,0.0,0.0,2023.0
901,Tijuana,Querétaro,2023-10-21,Away,20:06,Liga MX,Apertura 2023 Regular Season,Sat,L,0,1,0.6,1.6,50.0,7908.0,Christian Rivera,4-1-4-1,4-4-2,Óscar Macias,Match Report,,11.0,3.0,18.3,1.0,0.0,0.0,2023.0
902,Tijuana,Monterrey,2023-10-25,Away,20:00,Liga MX,Apertura 2023 Regular Season,Wed,L,1,3,0.4,1.9,45.0,31921.0,Nicolás Díaz Huincales,5-3-2,4-3-3,Víctor Cáceres,Match Report,,13.0,5.0,22.1,0.0,0.0,0.0,2023.0
903,Tijuana,Atlas,2023-10-29,Home,20:06,Liga MX,Apertura 2023 Regular Season,Sun,W,2,0,0.3,0.7,45.0,20333.0,Christian Rivera,4-1-4-1,5-4-1,Daniel Quintero,Match Report,,6.0,2.0,20.9,0.0,0.0,0.0,2023.0
904,Tijuana,UANL,2023-11-01,Home,20:06,Liga MX,Apertura 2023 Regular Season,Wed,W,2,0,1.0,0.8,35.0,24533.0,Christian Rivera,4-1-4-1,4-2-3-1,Marco Antonio Ortíz,Match Report,,15.0,7.0,20.4,1.0,0.0,0.0,2023.0
905,Tijuana,América,2023-11-04,Away,19:00,Liga MX,Apertura 2023 Regular Season,Sat,L,0,3,0.2,3.4,53.0,46046.0,Christian Rivera,4-3-3,4-4-2,Oscar Mejia,Match Report,,10.0,3.0,25.3,0.0,0.0,0.0,2023.0
906,Tijuana,Pachuca,2023-11-10,Home,19:10,Liga MX,Apertura 2023 Regular Season,Fri,L,2,3,3.0,1.1,53.0,26333.0,Christian Rivera,4-2-3-1,4-3-3,Fernando Hernández,Match Report,,27.0,8.0,19.5,2.0,0.0,0.0,2023.0
907,Tijuana,América,2024-01-13,Home,19:00,Liga MX,Clausura 2024 Regular Season,Sat,L,0,2,2.2,0.4,63.0,31133.0,Christian Rivera,4-1-4-1,5-3-2,Edgar Morales,Match Report,,36.0,8.0,17.4,1.0,0.0,0.0,2023.0
908,Tijuana,Atlas,2024-01-20,Away,21:10,Liga MX,Clausura 2024 Regular Season,Sat,D,0,0,0.3,1.6,41.0,16457.0,Christian Rivera,4-1-4-1,4-2-3-1,Óscar Macias,Match Report,,8.0,2.0,19.6,0.0,0.0,0.0,2023.0
909,Tijuana,Guadalajara,2024-01-26,Home,19:00,Liga MX,Clausura 2024 Regular Season,Fri,D,1,1,0.8,1.6,47.0,31133.0,Christian Rivera,4-4-2,4-3-3,Brian Gonzalez,Match Report,,11.0,5.0,21.5,1.0,0.0,0.0,2023.0
910,Tijuana,Cruz Azul,2024-01-30,Away,19:00,Liga MX,Clausura 2024 Regular Season,Tue,L,0,1,0.6,1.8,40.0,16650.0,Christian Rivera,3-5-2,3-5-2,Jesus Lopez,Match Report,,10.0,4.0,18.7,0.0,0.0,0.0,2023.0
911,Tijuana,Pachuca,2024-02-03,Away,19:10,Liga MX,Clausura 2024 Regular Season,Sat,L,2,3,1.9,2.7,42.0,10137.0,Christian Rivera,3-5-2,4-2-3-1,Guillermo Pacheco,Match Report,,15.0,3.0,22.7,1.0,1.0,1.0,2023.0
912,Tijuana,Querétaro,2024-02-09,Home,19:10,Liga MX,Clausura 2024 Regular Season,Fri,D,1,1,0.9,0.7,61.0,14333.0,Christian Rivera,4-3-3,4-4-2,Adonai Escobedo,Match Report,,17.0,5.0,21.4,1.0,0.0,0.0,2023.0
913,Tijuana,Atlético,2024-02-17,Away,17:00,Liga MX,Clausura 2024 Regular Season,Sat,D,3,3,1.6,2.6,35.0,14919.0,Christian Rivera,4-2-3-1,5-3-2,Daniel Quintero,Match Report,,11.0,4.0,17.8,0.0,0.0,0.0,2023.0
914,Tijuana,Toluca,2024-02-25,Away,12:00,Liga MX,Clausura 2024 Regular Season,Sun,L,0,2,0.6,1.5,50.0,21297.0,Christian Rivera,4-2-3-1,4-2-3-1,Diego Montaño,Match Report,,14.0,0.0,19.2,0.0,0.0,0.0,2023.0
915,Tijuana,Monterrey,2024-02-28,Home,19:00,Liga MX,Clausura 2024 Regular Season,Wed,D,1,1,1.0,0.8,46.0,18333.0,Christian Rivera,4-3-2-1,4-4-2,Oscar Mejia,Match Report,,19.0,6.0,19.2,0.0,0.0,0.0,2023.0
916,Tijuana,León,2024-03-03,Home,19:00,Liga MX,Clausura 2024 Regular Season,Sun,D,1,1,1.7,1.1,57.0,17333.0,Christian Rivera,4-4-2,4-4-2,Guillermo Pacheco,Match Report,,20.0,3.0,20.3,2.0,1.0,1.0,2023.0
917,Tijuana,UNAM,2024-03-10,Away,12:00,Liga MX,Clausura 2024 Regular Season,Sun,D,3,3,2.9,1.0,56.0,18064.0,Christian Rivera,5-3-2,4-2-3-1,Marco Antonio Ortíz,Match Report,,11.0,3.0,24.0,0.0,3.0,3.0,2023.0
918,Tijuana,Santos,2024-03-15,Home,20:00,Liga MX,Clausura 2024 Regular Season,Fri,D,2,2,3.2,1.4,39.0,20333.0,Christian Rivera,4-4-1-1,4-1-4-1,Daniel Quintero,Match Report,,29.0,3.0,17.4,0.0,1.0,1.0,2023.0
919,Tijuana,Mazatlán,2024-03-29,Away,20:00,Liga MX,Clausura 2024 Regular Season,Fri,L,0,2,0.4,1.0,48.0,11218.0,Nicolás Díaz Huincales,4-4-2,4-2-3-1,Fernando Guerrero,Match Report,,12.0,4.0,23.1,1.0,0.0,0.0,2023.0
920,Tijuana,Necaxa,2024-04-05,Home,20:10,Liga MX,Clausura 2024 Regular Season,Fri,L,2,3,1.0,1.6,59.0,15333.0,Christian Rivera,4-1-4-1,4-1-3-2,Ismael Lopez,Match Report,,13.0,4.0,20.3,1.0,0.0,0.0,2023.0
921,Tijuana,FC Juárez,2024-04-14,Away,20:06,Liga MX,Clausura 2024 Regular Season,Sun,W,1,0,0.8,0.8,28.0,10076.0,Christian Rivera,5-4-1,4-1-4-1,Luis Enrique Santander,Match Report,,6.0,2.0,18.1,0.0,0.0,0.0,2023.0
922,Tijuana,Puebla,2024-04-19,Home,20:10,Liga MX,Clausura 2024 Regular Season,Fri,W,3,1,2.1,0.8,64.0,18333.0,Christian Rivera,5-4-1,3-4-3,Adonai Escobedo,Match Report,,19.0,6.0,16.0,0.0,0.0,0.0,2023.0
923,Tijuana,UANL,2024-04-27,Away,20:00,Liga MX,Clausura 2024 Regular Season,Sat,L,1,4,0.8,3.1,40.0,39459.0,Christian Rivera,5-4-1,4-1-4-1,Fernando Hernández,Match Report,,14.0,3.0,20.6,0.0,0.0,0.0,2023.0
924,FC Juarez,América,2023-06-30,Away,20:00,Liga MX,Apertura 2023 Regular Season,Fri,W,2,1,0.7,0.9,39.0,13391.0,Alfredo Talavera,4-4-1-1,4-2-3-1,Ismael Lopez,Match Report,,8.0,6.0,24.9,0.0,0.0,0.0,2023.0
925,FC Juarez,UANL,2023-07-08,Home,18:06,Liga MX,Apertura 2023 Regular Season,Sat,D,1,1,1.1,1.9,40.0,9663.0,Alfredo Talavera,4-4-1-1,4-2-3-1,Jesus Lopez,Match Report,,13.0,4.0,22.0,0.0,0.0,0.0,2023.0
926,FC Juarez,Toluca,2023-07-16,Away,13:00,Liga MX,Apertura 2023 Regular Season,Sun,W,4,2,1.9,2.0,54.0,22931.0,Alfredo Talavera,4-4-2,3-4-3,Charles Terrazas,Match Report,,13.0,9.0,18.6,0.0,0.0,0.0,2023.0
927,FC Juarez,Guadalajara,2023-08-18,Home,21:10,Liga MX,Apertura 2023 Regular Season,Fri,D,1,1,1.5,1.1,58.0,14976.0,Alfredo Talavera,4-2-3-1,4-3-3,Fernando Hernández,Match Report,,17.0,2.0,24.6,3.0,1.0,1.0,2023.0
928,FC Juarez,UNAM,2023-08-22,Home,21:06,Liga MX,Apertura 2023 Regular Season,Tue,W,4,1,1.9,1.7,37.0,10430.0,Alfredo Talavera,4-2-3-1,4-1-4-1,Iván López,Match Report,,10.0,5.0,23.7,0.0,2.0,2.0,2023.0
929,FC Juarez,Puebla,2023-08-25,Away,20:00,Liga MX,Apertura 2023 Regular Season,Fri,L,0,1,0.5,1.3,56.0,7806.0,Alfredo Talavera,4-2-3-1,4-4-2,Diego Montaño,Match Report,,16.0,3.0,22.2,0.0,0.0,0.0,2023.0
930,FC Juarez,Mazatlán,2023-09-01,Home,19:06,Liga MX,Apertura 2023 Regular Season,Fri,W,3,1,1.4,1.5,43.0,11066.0,Alfredo Talavera,4-4-2,4-4-2,Adonai Escobedo,Match Report,,12.0,6.0,16.6,1.0,0.0,0.0,2023.0
931,FC Juarez,Necaxa,2023-09-16,Away,18:00,Liga MX,Apertura 2023 Regular Season,Sat,D,1,1,0.4,1.4,57.0,7195.0,Alfredo Talavera,4-2-3-1,4-4-2,Brian Gonzalez,Match Report,,7.0,0.0,14.6,0.0,0.0,0.0,2023.0
932,FC Juarez,Atlas,2023-09-22,Home,19:00,Liga MX,Apertura 2023 Regular Season,Fri,L,1,2,1.9,1.4,57.0,13802.0,Alfredo Talavera,4-4-2,4-3-3,Víctor Cáceres,Match Report,,23.0,6.0,20.8,1.0,1.0,1.0,2023.0
933,FC Juarez,Tijuana,2023-09-29,Away,20:10,Liga MX,Apertura 2023 Regular Season,Fri,L,1,5,0.8,2.2,48.0,17333.0,Alfredo Talavera,4-4-2,4-2-3-1,Fernando Hernández,Match Report,,12.0,3.0,19.5,0.0,0.0,0.0,2023.0
934,FC Juarez,Monterrey,2023-10-07,Away,18:00,Liga MX,Apertura 2023 Regular Season,Sat,L,1,3,1.5,2.0,42.0,34921.0,Alfredo Talavera,5-3-2,4-1-4-1,Daniel Quintero,Match Report,,8.0,3.0,21.0,1.0,1.0,1.0,2023.0
935,FC Juarez,Pachuca,2023-10-20,Home,19:06,Liga MX,Apertura 2023 Regular Season,Fri,L,0,1,1.7,1.4,47.0,12078.0,Alfredo Talavera,4-2-3-1,4-2-3-1,Fernando Guerrero,Match Report,,15.0,2.0,17.6,0.0,0.0,0.0,2023.0
936,FC Juarez,Atlético,2023-10-25,Home,21:06,Liga MX,Apertura 2023 Regular Season,Wed,W,3,2,0.7,0.7,36.0,7091.0,Alfredo Talavera,4-2-3-1,4-2-3-1,Oscar Mejia,Match Report,,14.0,3.0,20.7,2.0,0.0,0.0,2023.0
937,FC Juarez,Santos,2023-10-29,Away,19:05,Liga MX,Apertura 2023 Regular Season,Sun,L,1,5,0.9,1.9,62.0,9037.0,Alfredo Talavera,4-4-2,4-4-2,Diego Montaño,Match Report,,14.0,3.0,22.5,1.0,0.0,0.0,2023.0
938,FC Juarez,Cruz Azul,2023-11-01,Away,19:00,Liga MX,Apertura 2023 Regular Season,Wed,L,0,2,0.2,1.2,40.0,9358.0,Alfredo Talavera,4-2-3-1,3-4-3,Daniel Quintero,Match Report,,7.0,1.0,21.5,0.0,0.0,0.0,2023.0
939,FC Juarez,Querétaro,2023-11-05,Home,19:06,Liga MX,Apertura 2023 Regular Season,Sun,L,0,3,0.9,2.2,57.0,8640.0,Alfredo Talavera,4-4-2,4-1-4-1,Marco Antonio Ortíz,Match Report,,14.0,3.0,19.0,0.0,0.0,0.0,2023.0
940,FC Juarez,León,2023-11-12,Away,20:05,Liga MX,Apertura 2023 Regular Season,Sun,L,1,2,0.3,2.0,35.0,25288.0,Alfredo Talavera,4-1-4-1,4-4-2,Ismael Lopez,Match Report,,9.0,3.0,24.2,0.0,0.0,0.0,2023.0
941,FC Juarez,UNAM,2024-01-14,Away,12:00,Liga MX,Clausura 2024 Regular Season,Sun,L,0,1,0.6,1.3,44.0,22057.0,Avilés Hurtado,4-2-3-1,4-2-3-1,Charles Terrazas,Match Report,,10.0,2.0,21.4,2.0,0.0,0.0,2023.0
942,FC Juarez,Cruz Azul,2024-01-19,Home,20:10,Liga MX,Clausura 2024 Regular Season,Fri,D,0,0,0.4,2.0,29.0,13714.0,Avilés Hurtado,4-4-2,4-1-4-1,Erick Miranda,Match Report,,6.0,2.0,26.5,0.0,0.0,0.0,2023.0
943,FC Juarez,América,2024-01-24,Home,20:06,Liga MX,Clausura 2024 Regular Season,Wed,L,0,2,1.3,2.2,36.0,17418.0,Avilés Hurtado,4-4-2,4-2-3-1,Luis Enrique Santander,Match Report,,15.0,5.0,16.2,0.0,0.0,0.0,2023.0
944,FC Juarez,Atlas,2024-01-28,Away,19:00,Liga MX,Clausura 2024 Regular Season,Sun,L,1,2,0.8,1.5,54.0,16099.0,Avilés Hurtado,4-3-3,4-2-3-1,Fernando Hernández,Match Report,,17.0,4.0,18.9,1.0,0.0,0.0,2023.0
945,FC Juarez,Necaxa,2024-02-03,Home,16:06,Liga MX,Clausura 2024 Regular Season,Sat,D,2,2,1.6,0.9,58.0,9197.0,Avilés Hurtado,3-4-3,3-4-1-2,Marco Antonio Ortíz,Match Report,,18.0,5.0,18.2,0.0,0.0,0.0,2023.0
946,FC Juarez,Guadalajara,2024-02-10,Away,17:05,Liga MX,Clausura 2024 Regular Season,Sat,L,1,2,1.0,2.1,37.0,33831.0,Javier Salas,3-4-3,4-3-3,Vicente Arce,Match Report,,6.0,2.0,31.0,0.0,1.0,1.0,2023.0
947,FC Juarez,Monterrey,2024-02-23,Home,20:10,Liga MX,Clausura 2024 Regular Season,Fri,L,0,3,0.4,2.2,44.0,10979.0,Francisco Calvo,3-4-1-2,4-2-3-1,Marco Antonio Ortíz,Match Report,,6.0,2.0,17.6,0.0,0.0,0.0,2023.0
948,FC Juarez,UANL,2024-02-28,Away,19:00,Liga MX,Clausura 2024 Regular Season,Wed,L,0,1,1.0,1.1,39.0,34731.0,Francisco Calvo,4-3-1-2,4-2-3-1,Jesus Lopez,Match Report,,14.0,2.0,22.0,0.0,0.0,0.0,2023.0
949,FC Juarez,Pachuca,2024-03-02,Away,19:00,Liga MX,Clausura 2024 Regular Season,Sat,L,2,3,0.5,0.9,49.0,17896.0,Francisco Calvo,4-3-1-2,4-2-3-1,Abraham Quirarte,Match Report,,18.0,5.0,25.0,0.0,0.0,0.0,2023.0
950,FC Juarez,Toluca,2024-03-08,Home,20:10,Liga MX,Clausura 2024 Regular Season,Fri,D,1,1,0.5,0.7,44.0,11623.0,Francisco Calvo,4-2-3-1,4-2-3-1,Fernando Guerrero,Match Report,,10.0,4.0,18.1,0.0,0.0,0.0,2023.0
951,FC Juarez,Querétaro,2024-03-15,Away,19:00,Liga MX,Clausura 2024 Regular Season,Fri,L,0,1,1.0,0.4,66.0,9603.0,Francisco Calvo,4-2-3-1,4-4-2,Luis Enrique Santander,Match Report,,18.0,5.0,19.4,0.0,0.0,0.0,2023.0
952,FC Juarez,Puebla,2024-03-23,Home,19:00,Liga MX,Clausura 2024 Regular Season,Sat,W,4,3,1.5,1.4,46.0,9169.0,Dieter Villalpando,4-2-3-1,4-4-2,César Arturo Ramos,Match Report,,15.0,6.0,19.8,2.0,0.0,0.0,2023.0
953,FC Juarez,Santos,2024-03-31,Home,19:36,Liga MX,Clausura 2024 Regular Season,Sun,W,2,1,2.1,0.4,47.0,13088.0,Francisco Calvo,4-2-3-1,4-4-2,Erick Miranda,Match Report,,19.0,4.0,17.1,0.0,0.0,0.0,2023.0
954,FC Juarez,Atlético,2024-04-08,Away,10:30,Liga MX,Clausura 2024 Regular Season,Mon,W,3,2,1.0,0.6,45.0,13923.0,Francisco Calvo,4-2-3-1,4-3-3,Oscar Mejia,Match Report,,15.0,7.0,19.4,1.0,0.0,0.0,2023.0
955,FC Juarez,Tijuana,2024-04-14,Home,20:06,Liga MX,Clausura 2024 Regular Season,Sun,L,0,1,0.8,0.8,72.0,10076.0,Francisco Calvo,4-1-4-1,5-4-1,Luis Enrique Santander,Match Report,,15.0,4.0,23.4,2.0,0.0,0.0,2023.0
956,FC Juarez,Mazatlán,2024-04-19,Away,19:00,Liga MX,Clausura 2024 Regular Season,Fri,W,2,0,1.8,1.6,58.0,9894.0,Francisco Calvo,4-1-4-1,4-2-3-1,Fernando Hernández,Match Report,,21.0,8.0,19.8,0.0,0.0,0.0,2023.0
957,FC Juarez,León,2024-04-27,Home,17:06,Liga MX,Clausura 2024 Regular Season,Sat,D,1,1,0.9,1.7,51.0,10077.0,Francisco Calvo,4-5-1,4-2-3-1,Adonai Escobedo,Match Report,,11.0,3.0,19.5,0.0,0.0,0.0,2023.0
958,Atlas,Cruz Azul,2023-07-01,Home,22:10,Liga MX,Apertura 2023 Regular Season,Sat,W,2,0,3.1,0.6,55.0,20169.0,Aldo Rocha,4-3-3,4-2-3-1,Víctor Cáceres,Match Report,,15.0,5.0,19.0,2.0,0.0,0.0,2023.0
959,Atlas,Monterrey,2023-07-09,Away,20:00,Liga MX,Apertura 2023 Regular Season,Sun,L,0,1,0.8,0.8,50.0,38156.0,Aldo Rocha,5-4-1,4-4-2,Edgar Morales,Match Report,,17.0,3.0,22.4,1.0,0.0,0.0,2023.0
960,Atlas,Santos,2023-07-13,Away,20:05,Liga MX,Apertura 2023 Regular Season,Thu,D,0,0,0.3,0.5,54.0,13199.0,Aldo Rocha,4-3-3,4-2-3-1,Diego Montaño,Match Report,,10.0,2.0,29.1,1.0,0.0,0.0,2023.0
961,Atlas,América,2023-08-20,Away,22:10,Liga MX,Apertura 2023 Regular Season,Sun,D,1,1,0.9,1.8,36.0,17046.0,Aldo Rocha,4-3-3,4-2-3-1,Adonai Escobedo,Match Report,,8.0,1.0,23.0,1.0,0.0,0.0,2023.0
962,Atlas,Toluca,2023-08-26,Home,18:00,Liga MX,Apertura 2023 Regular Season,Sat,D,0,0,0.9,0.8,59.0,15657.0,Aldo Rocha,4-3-3,4-4-2,Guillermo Pacheco,Match Report,,10.0,4.0,17.1,0.0,0.0,0.0,2023.0
963,Atlas,Querétaro,2023-08-30,Away,20:06,Liga MX,Apertura 2023 Regular Season,Wed,W,2,1,0.8,1.2,60.0,9140.0,Aldo Rocha,4-3-3,4-2-3-1,Fernando Hernández,Match Report,,9.0,5.0,21.5,2.0,0.0,0.0,2023.0
964,Atlas,Atlético,2023-09-03,Away,21:00,Liga MX,Apertura 2023 Regular Season,Sun,L,0,2,0.6,1.3,59.0,18313.0,Aldo Rocha,4-3-3,4-2-3-1,Luis Enrique Santander,Match Report,,12.0,1.0,19.1,0.0,0.0,0.0,2023.0
965,Atlas,UANL,2023-09-17,Home,20:00,Liga MX,Apertura 2023 Regular Season,Sun,W,2,0,1.7,0.6,38.0,15413.0,Aldo Rocha,4-3-3,4-2-3-1,Adonai Escobedo,Match Report,,12.0,6.0,19.4,1.0,0.0,0.0,2023.0
966,Atlas,FC Juárez,2023-09-22,Away,19:00,Liga MX,Apertura 2023 Regular Season,Fri,W,2,1,1.4,1.9,43.0,13802.0,Aldo Rocha,4-3-3,4-4-2,Víctor Cáceres,Match Report,,5.0,4.0,12.0,0.0,0.0,0.0,2023.0
967,Atlas,Puebla,2023-09-28,Home,21:00,Liga MX,Apertura 2023 Regular Season,Thu,L,2,3,1.0,1.5,61.0,16390.0,Aldo Rocha,4-3-3,4-4-2,Ismael Lopez,Match Report,,18.0,6.0,20.2,1.0,0.0,0.0,2023.0
968,Atlas,Guadalajara,2023-10-07,Away,20:00,Liga MX,Apertura 2023 Regular Season,Sat,L,1,4,0.6,2.0,55.0,38972.0,Aldo Rocha,4-3-3,4-3-3,Adonai Escobedo,Match Report,,13.0,3.0,16.7,0.0,0.0,0.0,2023.0
969,Atlas,Mazatlán,2023-10-20,Home,20:00,Liga MX,Apertura 2023 Regular Season,Fri,L,1,3,2.5,1.7,66.0,13006.0,Aldo Rocha,4-3-3,4-4-2,Marco Antonio Ortíz,Match Report,,23.0,9.0,17.2,0.0,0.0,0.0,2023.0
970,Atlas,León,2023-10-24,Away,20:00,Liga MX,Apertura 2023 Regular Season,Tue,D,1,1,1.1,1.2,36.0,24899.0,Hugo Nervo,5-4-1,4-3-3,Diego Montaño,Match Report,,16.0,5.0,22.7,1.0,0.0,0.0,2023.0
971,Atlas,Tijuana,2023-10-29,Away,20:06,Liga MX,Apertura 2023 Regular Season,Sun,L,0,2,0.7,0.3,55.0,20333.0,Hugo Nervo,5-4-1,4-1-4-1,Daniel Quintero,Match Report,,12.0,6.0,18.7,1.0,0.0,0.0,2023.0
972,Atlas,Pachuca,2023-11-01,Home,19:00,Liga MX,Apertura 2023 Regular Season,Wed,L,0,2,2.0,1.4,58.0,9089.0,Hugo Nervo,4-5-1,4-4-2,Luis Enrique Santander,Match Report,,23.0,6.0,16.4,0.0,0.0,0.0,2023.0
973,Atlas,UNAM,2023-11-05,Away,12:00,Liga MX,Apertura 2023 Regular Season,Sun,L,0,3,0.3,3.9,58.0,17297.0,Hugo Nervo,4-4-2,4-4-2,Fernando Guerrero,Match Report,,5.0,0.0,25.9,0.0,0.0,0.0,2023.0
974,Atlas,Necaxa,2023-11-10,Home,19:00,Liga MX,Apertura 2023 Regular Season,Fri,D,0,0,0.5,0.5,56.0,11128.0,Hugo Nervo,4-3-3,4-4-2,Guillermo Pacheco,Match Report,,11.0,2.0,19.3,0.0,0.0,0.0,2023.0
975,Atlas,Necaxa,2024-01-14,Away,18:00,Liga MX,Clausura 2024 Regular Season,Sun,L,1,2,0.3,1.4,47.0,13663.0,Aldo Rocha,5-3-2,4-4-2,Ismael Lopez,Match Report,,9.0,4.0,20.9,1.0,0.0,0.0,2023.0
976,Atlas,Tijuana,2024-01-20,Home,21:10,Liga MX,Clausura 2024 Regular Season,Sat,D,0,0,1.6,0.3,59.0,16457.0,Hugo Nervo,4-2-3-1,4-1-4-1,Óscar Macias,Match Report,,21.0,6.0,14.9,0.0,0.0,0.0,2023.0
977,Atlas,FC Juárez,2024-01-28,Home,19:00,Liga MX,Clausura 2024 Regular Season,Sun,W,2,1,1.5,0.8,46.0,16099.0,Aldo Rocha,4-2-3-1,4-3-3,Fernando Hernández,Match Report,,16.0,6.0,18.5,0.0,0.0,0.0,2023.0
978,Atlas,Pachuca,2024-01-31,Away,19:00,Liga MX,Clausura 2024 Regular Season,Wed,L,3,4,1.4,2.1,52.0,9205.0,Aldo Rocha,4-2-3-1,4-2-3-1,Daniel Quintero,Match Report,,10.0,5.0,17.1,1.0,0.0,0.0,2023.0
979,Atlas,Santos,2024-02-04,Home,18:00,Liga MX,Clausura 2024 Regular Season,Sun,W,3,0,2.9,0.7,51.0,16847.0,Aldo Rocha,4-2-3-1,4-2-3-1,Charles Terrazas,Match Report,,18.0,7.0,16.9,0.0,1.0,1.0,2023.0
980,Atlas,Mazatlán,2024-02-09,Away,18:00,Liga MX,Clausura 2024 Regular Season,Fri,L,0,2,0.5,1.2,40.0,8957.0,Aldo Rocha,4-2-3-1,4-3-3,Víctor Cáceres,Match Report,,8.0,3.0,15.4,0.0,0.0,0.0,2023.0
981,Atlas,UNAM,2024-02-14,Home,21:00,Liga MX,Clausura 2024 Regular Season,Wed,D,0,0,0.4,0.5,52.0,16344.0,Aldo Rocha,4-4-2,4-5-1,Jesus Lopez,Match Report,,12.0,4.0,21.8,1.0,0.0,0.0,2023.0
982,Atlas,León,2024-02-18,Home,16:00,Liga MX,Clausura 2024 Regular Season,Sun,L,0,1,1.5,1.8,74.0,16881.0,Aldo Rocha,4-4-2,4-4-2,Jesus Lopez,Match Report,,23.0,8.0,19.2,1.0,0.0,0.0,2023.0
983,Atlas,UANL,2024-02-24,Away,19:00,Liga MX,Clausura 2024 Regular Season,Sat,D,1,1,1.2,1.1,38.0,39762.0,Aldo Rocha,4-2-3-1,4-2-3-1,César Arturo Ramos,Match Report,,11.0,1.0,16.6,0.0,0.0,0.0,2023.0
984,Atlas,América,2024-03-02,Home,21:10,Liga MX,Clausura 2024 Regular Season,Sat,L,1,5,1.0,4.9,40.0,40694.0,Aldo Rocha,4-2-3-1,4-2-3-1,Fernando Guerrero,Match Report,,6.0,1.0,20.4,0.0,0.0,0.0,2023.0
985,Atlas,Puebla,2024-03-08,Away,19:00,Liga MX,Clausura 2024 Regular Season,Fri,D,2,2,0.7,1.9,56.0,10051.0,Aldo Rocha,4-2-3-1,4-4-1-1,Luis Enrique Santander,Match Report,,10.0,5.0,18.0,2.0,0.0,0.0,2023.0
986,Atlas,Monterrey,2024-03-17,Home,17:00,Liga MX,Clausura 2024 Regular Season,Sun,L,1,2,2.0,0.8,47.0,16458.0,Aldo Rocha,4-3-1-2,4-1-4-1,Ismael Lopez,Match Report,,21.0,6.0,19.9,1.0,0.0,0.0,2023.0
987,Atlas,Querétaro,2024-03-31,Home,17:00,Liga MX,Clausura 2024 Regular Season,Sun,L,2,3,1.8,1.5,49.0,13379.0,Aldo Rocha,4-2-3-1,3-5-2,César Arturo Ramos,Match Report,,12.0,6.0,16.5,0.0,0.0,1.0,2023.0
988,Atlas,Toluca,2024-04-07,Away,13:00,Liga MX,Clausura 2024 Regular Season,Sun,L,1,4,0.5,1.2,42.0,27273.0,Aldo Rocha,4-3-3,4-2-3-1,Karen Hernández,Match Report,,8.0,3.0,15.4,0.0,0.0,0.0,2023.0
989,Atlas,Atlético,2024-04-14,Home,19:00,Liga MX,Clausura 2024 Regular Season,Sun,W,2,1,1.3,0.7,57.0,10750.0,Aldo Rocha,4-2-3-1,4-2-3-1,Víctor Cáceres,Match Report,,19.0,6.0,15.6,0.0,0.0,0.0,2023.0
990,Atlas,Cruz Azul,2024-04-21,Away,19:00,Liga MX,Clausura 2024 Regular Season,Sun,D,2,2,2.6,3.1,33.0,20543.0,Hugo Nervo,4-2-3-1,4-2-3-1,Luis Enrique Santander,Match Report,,13.0,2.0,18.5,0.0,1.0,1.0,2023.0
991,Atlas,Guadalajara,2024-04-27,Home,22:10,Liga MX,Clausura 2024 Regular Season,Sat,L,0,1,0.4,1.2,42.0,40327.0,Aldo Rocha,4-3-3,4-2-3-1,Marco Antonio Ortíz,Match Report,,12.0,1.0,23.1,0.0,0.0,0.0,2023.0
992,Puebla,UANL,2023-07-01,Away,20:00,Liga MX,Apertura 2023 Regular Season,Sat,D,1,1,0.6,2.4,42.0,41615.0,Federico Mancuello,4-4-2,4-2-3-1,Óscar Macias,Match Report,,7.0,4.0,21.5,0.0,0.0,0.0,2023.0
993,Puebla,Santos,2023-07-07,Home,20:00,Liga MX,Apertura 2023 Regular Season,Fri,L,2,3,1.5,3.2,60.0,11526.0,Federico Mancuello,4-4-2,4-2-3-1,Brian Gonzalez,Match Report,,24.0,10.0,22.8,0.0,0.0,0.0,2023.0
994,Puebla,América,2023-07-15,Away,20:00,Liga MX,Apertura 2023 Regular Season,Sat,L,0,3,0.9,3.6,40.0,32294.0,Federico Mancuello,4-1-3-2,4-2-3-1,Víctor Cáceres,Match Report,,10.0,4.0,19.9,1.0,0.0,0.0,2023.0
995,Puebla,Atlético,2023-08-18,Home,22:06,Liga MX,Apertura 2023 Regular Season,Fri,L,1,2,1.1,1.8,53.0,8700.0,Diego De Buen,4-5-1,4-2-3-1,Ismael Lopez,Match Report,,23.0,4.0,18.3,0.0,0.0,0.0,2023.0
996,Puebla,Mazatlán,2023-08-22,Away,19:00,Liga MX,Apertura 2023 Regular Season,Tue,L,0,1,0.5,1.2,56.0,7429.0,Diego De Buen,5-4-1,4-2-3-1,Luis Enrique Santander,Match Report,,12.0,5.0,19.8,0.0,0.0,0.0,2023.0
997,Puebla,FC Juárez,2023-08-25,Home,20:00,Liga MX,Apertura 2023 Regular Season,Fri,W,1,0,1.3,0.5,44.0,7806.0,Diego De Buen,4-4-2,4-2-3-1,Diego Montaño,Match Report,,12.0,3.0,16.4,0.0,0.0,0.0,2023.0
998,Puebla,Tijuana,2023-09-01,Home,22:10,Liga MX,Apertura 2023 Regular Season,Fri,W,3,0,1.1,1.5,54.0,7700.0,Diego De Buen,4-4-2,3-4-3,César Arturo Ramos,Match Report,,13.0,5.0,19.7,1.0,0.0,0.0,2023.0
999,Puebla,Querétaro,2023-09-17,Away,18:00,Liga MX,Apertura 2023 Regular Season,Sun,D,1,1,1.8,1.7,70.0,8380.0,Diego De Buen,4-4-2,4-4-2,Víctor Cáceres,Match Report,,12.0,5.0,17.0,0.0,0.0,0.0,2023.0
1000,Puebla,UNAM,2023-09-22,Home,22:10,Liga MX,Apertura 2023 Regular Season,Fri,L,0,2,0.7,2.0,58.0,20696.0,Diego De Buen,4-4-2,4-2-3-1,Guillermo Pacheco,Match Report,,15.0,2.0,20.9,1.0,0.0,0.0,2023.0
1001,Puebla,Atlas,2023-09-28,Away,21:00,Liga MX,Apertura 2023 Regular Season,Thu,W,3,2,1.5,1.0,39.0,16390.0,Diego De Buen,4-4-2,4-3-3,Ismael Lopez,Match Report,,8.0,2.0,23.2,0.0,1.0,1.0,2023.0
1002,Puebla,Monterrey,2023-10-03,Home,20:00,Liga MX,Apertura 2023 Regular Season,Tue,D,1,1,0.6,2.2,43.0,10263.0,Diego De Buen,4-4-2,4-4-2,Erick Miranda,Match Report,,11.0,4.0,21.9,0.0,0.0,0.0,2023.0
1003,Puebla,Necaxa,2023-10-08,Away,18:00,Liga MX,Apertura 2023 Regular Season,Sun,W,2,1,1.1,1.7,47.0,7463.0,Diego De Buen,4-4-2,4-4-2,Guillermo Pacheco,Match Report,,9.0,4.0,18.2,0.0,0.0,0.0,2023.0
1004,Puebla,Guadalajara,2023-10-20,Home,22:10,Liga MX,Apertura 2023 Regular Season,Fri,L,0,2,1.5,1.1,50.0,29026.0,Diego De Buen,4-4-2,4-3-3,Víctor Cáceres,Match Report,,23.0,5.0,18.5,1.0,0.0,0.0,2023.0
1005,Puebla,Pachuca,2023-10-28,Away,20:00,Liga MX,Apertura 2023 Regular Season,Sat,D,1,1,1.2,2.5,47.0,7876.0,Diego De Buen,4-4-2,4-1-3-2,Jorge Camacho,Match Report,,16.0,6.0,23.1,0.0,0.0,0.0,2023.0
1006,Puebla,Toluca,2023-10-31,Away,19:00,Liga MX,Apertura 2023 Regular Season,Tue,W,1,0,1.4,1.2,42.0,23808.0,Diego De Buen,4-4-2,4-2-3-1,Óscar Macias,Match Report,,9.0,4.0,19.8,0.0,1.0,1.0,2023.0
1007,Puebla,León,2023-11-03,Home,21:00,Liga MX,Apertura 2023 Regular Season,Fri,W,5,4,1.4,3.1,47.0,12254.0,Diego De Buen,4-4-2,4-4-2,Edgar Morales,Match Report,,18.0,6.0,18.5,0.0,0.0,0.0,2023.0
1008,Puebla,Cruz Azul,2023-11-12,Away,18:00,Liga MX,Apertura 2023 Regular Season,Sun,W,2,1,1.3,2.2,45.0,18653.0,Diego De Buen,4-4-2,3-5-2,Luis Enrique Santander,Match Report,,11.0,7.0,12.2,1.0,0.0,0.0,2023.0
1009,Puebla,UANL,2023-11-30,Home,19:00,Liga MX,Apertura — Quarter-finals,Thu,D,2,2,1.7,1.8,43.0,28984.0,Diego De Buen,4-4-2,4-2-3-1,Oscar Mejia,Match Report,Leg 1 of 2,17.0,5.0,21.3,1.0,0.0,0.0,2023.0
1010,Puebla,UANL,2023-12-03,Away,20:10,Liga MX,Apertura — Quarter-finals,Sun,L,0,3,0.5,1.9,54.0,39381.0,Diego De Buen,4-4-1-1,4-2-3-1,Adonai Escobedo,Match Report,Leg 2 of 2; UANL won,8.0,1.0,22.0,1.0,0.0,0.0,2023.0
1011,Puebla,Monterrey,2024-01-13,Away,21:00,Liga MX,Clausura 2024 Regular Season,Sat,L,0,2,0.8,2.2,47.0,33233.0,Diego De Buen,4-4-1-1,4-4-2,Guillermo Pacheco,Match Report,,9.0,3.0,17.0,0.0,0.0,0.0,2023.0
1012,Puebla,Necaxa,2024-01-19,Home,19:00,Liga MX,Clausura 2024 Regular Season,Fri,L,1,2,1.8,1.2,59.0,11272.0,Diego De Buen,4-4-2,4-4-2,Vicente Arce,Match Report,,15.0,3.0,21.1,0.0,1.0,1.0,2023.0
1013,Puebla,Toluca,2024-01-26,Home,19:00,Liga MX,Clausura 2024 Regular Season,Fri,D,1,1,1.0,0.8,41.0,15864.0,Diego De Buen,4-4-2,3-4-3,Iván López,Match Report,,10.0,3.0,20.7,1.0,0.0,0.0,2023.0
1014,Puebla,Santos,2024-01-30,Away,21:00,Liga MX,Clausura 2024 Regular Season,Tue,L,0,3,1.6,2.8,58.0,9550.0,Diego De Buen,5-4-1,4-2-3-1,Brian Gonzalez,Match Report,,16.0,6.0,17.7,0.0,0.0,0.0,2023.0
1015,Puebla,Mazatlán,2024-02-02,Home,21:00,Liga MX,Clausura 2024 Regular Season,Fri,W,3,2,1.6,0.4,53.0,9499.0,Diego De Buen,5-3-2,4-4-2,Fernando Guerrero,Match Report,,17.0,5.0,23.2,2.0,0.0,0.0,2023.0
1016,Puebla,UNAM,2024-02-11,Away,12:00,Liga MX,Clausura 2024 Regular Season,Sun,L,0,3,0.5,1.5,48.0,17488.0,Diego De Buen,5-3-2,4-2-3-1,Guillermo Pacheco,Match Report,,6.0,1.0,17.5,0.0,0.0,0.0,2023.0
1017,Puebla,Pachuca,2024-02-20,Home,19:00,Liga MX,Clausura 2024 Regular Season,Tue,L,1,4,0.3,2.1,50.0,10863.0,Diego De Buen,5-3-2,4-2-3-1,Maximiliano Quintero,Match Report,,8.0,2.0,19.3,0.0,0.0,0.0,2023.0
1018,Puebla,Querétaro,2024-02-23,Home,19:00,Liga MX,Clausura 2024 Regular Season,Fri,L,0,2,0.9,1.6,68.0,9480.0,Diego De Buen,4-2-2-2,4-4-2,Jesus Lopez,Match Report,,17.0,3.0,21.9,0.0,0.0,0.0,2023.0
1019,Puebla,Atlético,2024-03-01,Away,19:00,Liga MX,Clausura 2024 Regular Season,Fri,L,0,4,0.1,1.9,34.0,12581.0,Diego De Buen,4-1-4-1,4-2-3-1,Vicente Arce,Match Report,,5.0,2.0,26.0,0.0,0.0,0.0,2023.0
1020,Puebla,Atlas,2024-03-08,Home,19:00,Liga MX,Clausura 2024 Regular Season,Fri,D,2,2,1.9,0.7,44.0,10051.0,Diego De Buen,4-4-1-1,4-2-3-1,Luis Enrique Santander,Match Report,,16.0,3.0,18.3,0.0,0.0,0.0,2023.0
1021,Puebla,León,2024-03-16,Away,19:00,Liga MX,Clausura 2024 Regular Season,Sat,L,1,2,1.2,2.6,59.0,22994.0,Diego De Buen,4-4-2,4-4-2,Karen Hernández,Match Report,,18.0,5.0,18.7,1.0,0.0,0.0,2023.0
1022,Puebla,FC Juárez,2024-03-23,Away,19:00,Liga MX,Clausura 2024 Regular Season,Sat,L,3,4,1.4,1.5,54.0,9169.0,Diego De Buen,4-4-2,4-2-3-1,César Arturo Ramos,Match Report,,17.0,6.0,21.3,0.0,0.0,0.0,2023.0
1023,Puebla,UANL,2024-03-29,Home,19:00,Liga MX,Clausura 2024 Regular Season,Fri,L,2,3,2.1,2.3,37.0,16618.0,Diego De Buen,4-4-2,4-2-3-1,Jorge Camacho,Match Report,,22.0,7.0,16.4,0.0,0.0,0.0,2023.0
1024,Puebla,Guadalajara,2024-04-06,Away,19:05,Liga MX,Clausura 2024 Regular Season,Sat,L,2,3,1.3,2.2,50.0,35980.0,Diego De Buen,4-4-2,4-2-3-1,Fernando Guerrero,Match Report,,15.0,6.0,17.4,0.0,0.0,0.0,2023.0
1025,Puebla,Cruz Azul,2024-04-12,Home,22:00,Liga MX,Clausura 2024 Regular Season,Fri,L,0,1,1.0,2.4,32.0,31289.0,Diego De Buen,5-3-2,3-1-4-2,Katia García,Match Report,,13.0,4.0,20.0,1.0,0.0,0.0,2023.0
1026,Puebla,Tijuana,2024-04-19,Away,20:10,Liga MX,Clausura 2024 Regular Season,Fri,L,1,3,0.8,2.1,36.0,18333.0,Diego De Buen,3-4-3,5-4-1,Adonai Escobedo,Match Report,,9.0,3.0,16.6,0.0,0.0,0.0,2023.0
1027,Puebla,América,2024-04-26,Home,20:00,Liga MX,Clausura 2024 Regular Season,Fri,L,1,2,0.4,0.9,54.0,42320.0,Diego De Buen,5-3-2,4-2-3-1,Guillermo Pacheco,Match Report,,16.0,5.0,26.7,0.0,0.0,0.0,2023.0
